uid,嘉然,向晚,贝拉,乃琳,关闭关注
9902958.0,0.0,0.0,0.0,0.0,0.0
22761035.0,0.0,0.0,0.0,0.0,0.0
413030.0,1.0,1.0,1.0,1.0,1.0
34443276.0,1.0,1.0,1.0,1.0,1.0
1590163.0,1.0,1.0,1.0,1.0,1.0
1033747470.0,0.0,0.0,1.0,0.0,1.0
46283475.0,1.0,1.0,1.0,1.0,1.0
11291127.0,1.0,1.0,1.0,1.0,1.0
25761315.0,1.0,0.0,0.0,0.0,1.0
538034.0,1.0,1.0,1.0,1.0,1.0
5660910.0,0.0,0.0,0.0,0.0,0.0
548548.0,1.0,1.0,1.0,1.0,1.0
22028864.0,1.0,1.0,1.0,1.0,1.0
3904901.0,1.0,1.0,1.0,1.0,1.0
281985950.0,1.0,1.0,1.0,1.0,1.0
354392161.0,0.0,0.0,0.0,0.0,1.0
14174890.0,1.0,1.0,1.0,1.0,1.0
2447714.0,0.0,0.0,0.0,0.0,0.0
13888292.0,1.0,1.0,1.0,1.0,1.0
6438238.0,1.0,1.0,1.0,1.0,1.0
9089025.0,1.0,0.0,1.0,1.0,1.0
3749274.0,1.0,1.0,1.0,1.0,1.0
2021136.0,1.0,1.0,1.0,1.0,1.0
2057526717.0,1.0,1.0,1.0,1.0,1.0
10645564.0,1.0,1.0,1.0,1.0,1.0
7075821.0,1.0,1.0,1.0,1.0,1.0
403406241.0,1.0,1.0,1.0,1.0,1.0
5380782.0,1.0,1.0,1.0,1.0,1.0
6979632.0,1.0,1.0,1.0,1.0,1.0
28527432.0,0.0,0.0,0.0,0.0,1.0
17001660.0,1.0,1.0,1.0,1.0,1.0
166408491.0,0.0,0.0,0.0,0.0,0.0
6465830.0,1.0,1.0,1.0,1.0,1.0
37102171.0,1.0,1.0,1.0,1.0,1.0
3103711.0,0.0,0.0,0.0,0.0,0.0
5397233.0,1.0,1.0,1.0,1.0,1.0
7498506.0,1.0,1.0,1.0,1.0,1.0
155827773.0,0.0,0.0,0.0,0.0,1.0
15696986.0,1.0,1.0,1.0,1.0,1.0
2293858.0,0.0,0.0,0.0,0.0,0.0
1991983.0,1.0,1.0,1.0,1.0,1.0
23554900.0,0.0,0.0,0.0,0.0,0.0
2473515.0,1.0,1.0,1.0,1.0,1.0
12515517.0,0.0,0.0,1.0,0.0,1.0
107398.0,1.0,1.0,1.0,1.0,1.0
39414882.0,0.0,0.0,0.0,0.0,0.0
28786143.0,1.0,1.0,1.0,1.0,1.0
7986680.0,1.0,1.0,1.0,1.0,1.0
63476.0,1.0,1.0,1.0,1.0,1.0
37994585.0,1.0,1.0,1.0,1.0,1.0
922554.0,1.0,1.0,1.0,1.0,1.0
11608156.0,1.0,1.0,1.0,1.0,1.0
52290263.0,1.0,1.0,1.0,1.0,1.0
223396644.0,1.0,1.0,1.0,1.0,1.0
389016059.0,1.0,1.0,1.0,1.0,1.0
11163373.0,1.0,1.0,1.0,1.0,1.0
11621965.0,1.0,1.0,1.0,1.0,1.0
5204735.0,1.0,1.0,1.0,1.0,1.0
47537.0,0.0,0.0,0.0,0.0,0.0
227134040.0,1.0,1.0,1.0,1.0,1.0
25642485.0,1.0,1.0,1.0,1.0,1.0
70301146.0,0.0,0.0,0.0,0.0,0.0
381775119.0,1.0,1.0,1.0,1.0,1.0
539370.0,1.0,1.0,1.0,1.0,1.0
5886510.0,1.0,1.0,1.0,1.0,1.0
27228479.0,1.0,1.0,1.0,1.0,1.0
570899.0,1.0,1.0,1.0,1.0,1.0
376829.0,0.0,0.0,0.0,0.0,0.0
13575613.0,1.0,1.0,1.0,1.0,1.0
127567.0,0.0,0.0,0.0,0.0,0.0
6425090.0,1.0,1.0,1.0,1.0,1.0
12466291.0,0.0,1.0,1.0,1.0,1.0
36915269.0,1.0,1.0,1.0,1.0,1.0
49645426.0,0.0,0.0,0.0,0.0,0.0
463815.0,1.0,1.0,1.0,1.0,1.0
2693368.0,1.0,1.0,1.0,1.0,1.0
1688992.0,1.0,1.0,1.0,1.0,1.0
2750282.0,1.0,1.0,1.0,1.0,1.0
13334795.0,1.0,1.0,1.0,1.0,1.0
37798173.0,1.0,1.0,1.0,1.0,1.0
14390132.0,1.0,1.0,1.0,1.0,1.0
23272111.0,1.0,1.0,1.0,1.0,1.0
32443336.0,1.0,1.0,1.0,1.0,1.0
39238428.0,1.0,1.0,1.0,1.0,1.0
2285969.0,0.0,0.0,0.0,0.0,0.0
170418270.0,1.0,1.0,1.0,1.0,1.0
6003704.0,1.0,1.0,1.0,1.0,1.0
1463325.0,1.0,1.0,1.0,1.0,1.0
25693551.0,1.0,1.0,1.0,1.0,1.0
175333.0,0.0,0.0,0.0,0.0,0.0
614874.0,1.0,1.0,1.0,1.0,1.0
18692242.0,0.0,1.0,1.0,1.0,1.0
4122020.0,1.0,1.0,1.0,1.0,1.0
8555611.0,1.0,1.0,1.0,1.0,1.0
1274998.0,1.0,1.0,1.0,1.0,1.0
9583719.0,1.0,1.0,1.0,1.0,1.0
490735.0,1.0,1.0,1.0,1.0,1.0
17080992.0,1.0,1.0,1.0,1.0,1.0
3732525.0,1.0,1.0,1.0,1.0,1.0
165364.0,1.0,1.0,1.0,1.0,1.0
511535.0,1.0,1.0,1.0,1.0,1.0
608176.0,1.0,1.0,1.0,1.0,1.0
611794.0,1.0,1.0,1.0,1.0,1.0
892220.0,1.0,1.0,1.0,1.0,1.0
3443293.0,1.0,1.0,1.0,1.0,1.0
7618463.0,1.0,1.0,1.0,1.0,1.0
8071066.0,0.0,0.0,0.0,0.0,1.0
11124557.0,0.0,0.0,1.0,0.0,1.0
13158099.0,1.0,1.0,1.0,1.0,1.0
17512545.0,1.0,1.0,1.0,1.0,1.0
24497429.0,1.0,1.0,1.0,1.0,1.0
58351989.0,0.0,0.0,0.0,0.0,0.0
85334018.0,0.0,0.0,0.0,0.0,0.0
313732258.0,1.0,1.0,1.0,1.0,1.0
456357638.0,1.0,1.0,1.0,1.0,1.0
686024.0,1.0,1.0,1.0,1.0,1.0
13361451.0,0.0,0.0,0.0,0.0,1.0
390358551.0,1.0,1.0,1.0,1.0,1.0
5580954.0,1.0,1.0,1.0,1.0,1.0
6060149.0,1.0,1.0,1.0,1.0,1.0
35753083.0,1.0,1.0,1.0,1.0,1.0
36058761.0,1.0,1.0,1.0,1.0,1.0
100416473.0,1.0,1.0,1.0,1.0,1.0
11148744.0,1.0,1.0,1.0,1.0,1.0
31713180.0,1.0,1.0,1.0,1.0,1.0
84008269.0,1.0,1.0,1.0,1.0,1.0
771664.0,1.0,1.0,1.0,1.0,1.0
207010018.0,1.0,1.0,1.0,1.0,1.0
13347778.0,0.0,0.0,0.0,0.0,0.0
211937792.0,0.0,0.0,0.0,0.0,0.0
1587231.0,1.0,1.0,1.0,1.0,1.0
312749946.0,1.0,1.0,1.0,1.0,1.0
10816807.0,1.0,1.0,1.0,1.0,1.0
23620881.0,1.0,1.0,1.0,1.0,1.0
5656758.0,1.0,1.0,1.0,1.0,1.0
3259005.0,1.0,1.0,1.0,1.0,1.0
8537755.0,1.0,1.0,1.0,1.0,1.0
2492030.0,1.0,1.0,1.0,1.0,1.0
24207037.0,1.0,1.0,1.0,1.0,1.0
417866722.0,1.0,1.0,1.0,1.0,1.0
36280514.0,1.0,1.0,1.0,1.0,1.0
405258.0,1.0,1.0,1.0,1.0,1.0
4318851.0,1.0,1.0,1.0,1.0,1.0
351492345.0,1.0,1.0,1.0,1.0,1.0
8498.0,1.0,1.0,1.0,1.0,1.0
291102.0,1.0,1.0,1.0,1.0,1.0
296560.0,1.0,1.0,1.0,1.0,1.0
1517490.0,1.0,1.0,1.0,1.0,1.0
1599548.0,1.0,1.0,1.0,1.0,1.0
1710103.0,1.0,1.0,1.0,1.0,1.0
2134933.0,1.0,1.0,1.0,1.0,1.0
3710146.0,1.0,1.0,1.0,1.0,1.0
4121707.0,1.0,1.0,1.0,1.0,1.0
4835777.0,1.0,1.0,1.0,1.0,1.0
5522806.0,1.0,1.0,1.0,1.0,1.0
8227075.0,0.0,0.0,0.0,0.0,0.0
8631963.0,1.0,1.0,1.0,1.0,1.0
35080544.0,1.0,1.0,1.0,1.0,1.0
87590612.0,1.0,1.0,1.0,1.0,1.0
193064759.0,1.0,1.0,1.0,1.0,1.0
224719057.0,1.0,1.0,1.0,1.0,1.0
285199371.0,0.0,0.0,0.0,0.0,0.0
10951874.0,1.0,1.0,1.0,1.0,1.0
5498250.0,1.0,1.0,1.0,1.0,1.0
1831861.0,1.0,1.0,1.0,1.0,1.0
2546548.0,1.0,1.0,1.0,1.0,1.0
3293013.0,1.0,1.0,1.0,1.0,1.0
10630725.0,1.0,1.0,1.0,1.0,1.0
12146898.0,1.0,1.0,1.0,1.0,1.0
509868508.0,1.0,1.0,1.0,1.0,1.0
25675203.0,1.0,1.0,1.0,1.0,1.0
285480722.0,1.0,1.0,1.0,1.0,1.0
87823543.0,1.0,1.0,1.0,1.0,1.0
108448331.0,1.0,1.0,1.0,1.0,1.0
15088567.0,1.0,1.0,1.0,1.0,1.0
260332.0,1.0,1.0,1.0,1.0,1.0
579.0,1.0,1.0,1.0,1.0,1.0
19148356.0,1.0,1.0,1.0,1.0,1.0
19994300.0,1.0,1.0,1.0,1.0,1.0
25368307.0,1.0,1.0,1.0,1.0,1.0
27161927.0,1.0,1.0,1.0,1.0,1.0
8615010.0,1.0,1.0,1.0,1.0,1.0
485625.0,1.0,1.0,1.0,1.0,1.0
2624586.0,1.0,1.0,1.0,1.0,1.0
16952556.0,1.0,1.0,1.0,1.0,1.0
234999609.0,0.0,1.0,1.0,0.0,1.0
19093197.0,1.0,1.0,1.0,1.0,1.0
43511251.0,0.0,0.0,0.0,0.0,0.0
11790046.0,0.0,0.0,0.0,0.0,0.0
1741364.0,1.0,1.0,1.0,1.0,1.0
14482185.0,1.0,1.0,1.0,1.0,1.0
33822140.0,0.0,0.0,0.0,0.0,0.0
548346078.0,1.0,1.0,1.0,1.0,1.0
1751396.0,1.0,1.0,1.0,1.0,1.0
153973.0,1.0,1.0,1.0,1.0,1.0
861818.0,1.0,1.0,1.0,1.0,1.0
2142917.0,0.0,0.0,0.0,0.0,0.0
2860454.0,1.0,1.0,1.0,1.0,1.0
5262375.0,1.0,1.0,1.0,1.0,1.0
6273120.0,1.0,1.0,1.0,1.0,1.0
8664910.0,1.0,1.0,1.0,1.0,1.0
12823338.0,1.0,1.0,1.0,1.0,1.0
34728574.0,1.0,1.0,1.0,1.0,1.0
40629640.0,1.0,1.0,1.0,1.0,1.0
336036935.0,1.0,1.0,1.0,1.0,1.0
520783283.0,1.0,1.0,1.0,1.0,1.0
1558967.0,1.0,1.0,1.0,1.0,1.0
3169197.0,1.0,1.0,1.0,1.0,1.0
5582510.0,1.0,1.0,1.0,1.0,1.0
8070341.0,1.0,1.0,1.0,1.0,1.0
50431614.0,1.0,1.0,1.0,1.0,1.0
92157674.0,1.0,1.0,1.0,1.0,1.0
174886328.0,1.0,1.0,1.0,1.0,1.0
302220508.0,1.0,1.0,1.0,1.0,1.0
153465533.0,1.0,1.0,1.0,1.0,1.0
357037193.0,1.0,1.0,1.0,1.0,1.0
4066967.0,1.0,1.0,1.0,1.0,1.0
25484579.0,1.0,1.0,1.0,1.0,1.0
39595359.0,1.0,1.0,1.0,1.0,1.0
390688157.0,1.0,1.0,1.0,1.0,1.0
342372.0,1.0,1.0,1.0,1.0,1.0
404684.0,1.0,1.0,1.0,1.0,1.0
758340.0,0.0,0.0,0.0,0.0,1.0
1439652.0,1.0,1.0,1.0,1.0,1.0
3059476.0,1.0,1.0,1.0,1.0,1.0
3852285.0,1.0,1.0,1.0,1.0,1.0
5724346.0,1.0,1.0,1.0,1.0,1.0
7388254.0,1.0,1.0,1.0,1.0,1.0
8122793.0,1.0,1.0,1.0,1.0,1.0
9322076.0,0.0,0.0,0.0,0.0,0.0
10862213.0,1.0,1.0,1.0,1.0,1.0
15973389.0,1.0,1.0,1.0,1.0,1.0
19603803.0,0.0,0.0,0.0,0.0,0.0
313784023.0,0.0,0.0,0.0,0.0,0.0
845573.0,0.0,0.0,0.0,0.0,0.0
3328377.0,1.0,1.0,1.0,1.0,1.0
13026702.0,1.0,1.0,1.0,1.0,1.0
8372468.0,1.0,1.0,1.0,1.0,1.0
23344833.0,0.0,0.0,0.0,0.0,0.0
169398607.0,1.0,1.0,1.0,1.0,1.0
56889333.0,1.0,1.0,1.0,1.0,1.0
353007035.0,1.0,1.0,1.0,1.0,1.0
2305653.0,1.0,1.0,1.0,1.0,1.0
29240676.0,1.0,1.0,1.0,1.0,1.0
236885.0,1.0,1.0,1.0,1.0,1.0
2904052.0,1.0,1.0,1.0,1.0,1.0
138720615.0,1.0,1.0,1.0,1.0,1.0
1578416.0,1.0,1.0,1.0,1.0,1.0
7751187.0,1.0,1.0,1.0,1.0,1.0
8257905.0,0.0,0.0,0.0,0.0,0.0
20164151.0,1.0,1.0,1.0,1.0,1.0
29258329.0,1.0,1.0,1.0,1.0,1.0
20920756.0,1.0,1.0,1.0,1.0,1.0
3306637.0,0.0,0.0,0.0,0.0,0.0
24502930.0,1.0,1.0,1.0,1.0,1.0
544569483.0,1.0,1.0,1.0,1.0,1.0
1777377.0,1.0,1.0,1.0,1.0,1.0
8492951.0,1.0,1.0,1.0,1.0,1.0
15924764.0,1.0,1.0,1.0,1.0,1.0
34837930.0,0.0,0.0,0.0,0.0,1.0
400165287.0,1.0,1.0,1.0,1.0,1.0
25983478.0,1.0,1.0,1.0,1.0,1.0
8967286.0,1.0,1.0,1.0,1.0,1.0
14342292.0,1.0,1.0,1.0,1.0,1.0
100609926.0,1.0,1.0,1.0,1.0,1.0
13435014.0,1.0,1.0,1.0,1.0,1.0
25843381.0,1.0,1.0,1.0,1.0,1.0
424727715.0,1.0,1.0,1.0,1.0,1.0
476586921.0,1.0,1.0,1.0,1.0,1.0
5181118.0,1.0,1.0,1.0,1.0,1.0
32742703.0,1.0,1.0,1.0,1.0,1.0
63728891.0,1.0,1.0,1.0,1.0,1.0
3039519.0,1.0,1.0,1.0,1.0,1.0
15620169.0,0.0,0.0,0.0,0.0,0.0
35597793.0,1.0,1.0,1.0,1.0,1.0
20503852.0,1.0,1.0,1.0,1.0,1.0
39085179.0,1.0,1.0,1.0,1.0,1.0
2625103.0,1.0,1.0,1.0,1.0,1.0
5005716.0,0.0,0.0,0.0,0.0,0.0
3729749.0,0.0,0.0,0.0,0.0,0.0
11420999.0,1.0,1.0,1.0,1.0,1.0
33376.0,1.0,1.0,1.0,1.0,1.0
1502048.0,1.0,1.0,1.0,1.0,1.0
1654433.0,1.0,1.0,1.0,1.0,1.0
1936814.0,1.0,1.0,1.0,1.0,1.0
2788245.0,1.0,1.0,1.0,1.0,1.0
3862085.0,1.0,1.0,1.0,1.0,1.0
6293347.0,1.0,1.0,1.0,1.0,1.0
22865836.0,1.0,1.0,1.0,1.0,1.0
39127844.0,0.0,0.0,0.0,0.0,0.0
53963531.0,0.0,0.0,0.0,0.0,0.0
65083392.0,1.0,1.0,1.0,1.0,1.0
196436725.0,1.0,1.0,1.0,1.0,1.0
16721.0,1.0,1.0,1.0,1.0,1.0
24653.0,0.0,0.0,0.0,0.0,0.0
73750.0,1.0,1.0,1.0,1.0,1.0
79019.0,1.0,1.0,1.0,1.0,1.0
89383.0,1.0,1.0,1.0,1.0,1.0
131840.0,1.0,1.0,1.0,1.0,1.0
148597.0,1.0,1.0,1.0,1.0,1.0
181191.0,1.0,1.0,1.0,1.0,1.0
197730.0,1.0,1.0,1.0,1.0,1.0
201377.0,0.0,0.0,0.0,0.0,0.0
216210.0,1.0,1.0,1.0,1.0,1.0
218665.0,1.0,1.0,1.0,1.0,1.0
246713.0,1.0,1.0,1.0,1.0,1.0
269918.0,1.0,1.0,1.0,1.0,1.0
297406.0,0.0,0.0,0.0,0.0,0.0
303775.0,1.0,1.0,1.0,1.0,1.0
324330.0,1.0,1.0,1.0,1.0,1.0
343606.0,1.0,0.0,1.0,1.0,1.0
362695.0,1.0,1.0,1.0,1.0,1.0
428891.0,1.0,1.0,1.0,1.0,1.0
449792.0,1.0,1.0,1.0,1.0,1.0
453897.0,0.0,0.0,0.0,0.0,0.0
480528.0,1.0,1.0,1.0,1.0,1.0
494396.0,0.0,0.0,0.0,0.0,0.0
506235.0,1.0,1.0,1.0,1.0,1.0
517057.0,1.0,1.0,1.0,1.0,1.0
565289.0,0.0,0.0,0.0,0.0,0.0
574642.0,1.0,1.0,1.0,1.0,1.0
612893.0,1.0,1.0,1.0,1.0,1.0
739526.0,1.0,1.0,1.0,1.0,1.0
743106.0,1.0,1.0,1.0,1.0,1.0
760214.0,1.0,1.0,1.0,1.0,1.0
761202.0,1.0,1.0,1.0,1.0,1.0
775243.0,1.0,1.0,1.0,1.0,1.0
781172.0,1.0,1.0,1.0,1.0,1.0
818127.0,0.0,0.0,0.0,0.0,0.0
828351.0,1.0,1.0,1.0,1.0,1.0
856221.0,0.0,0.0,0.0,0.0,0.0
1113709.0,1.0,1.0,1.0,1.0,1.0
1268788.0,1.0,1.0,1.0,1.0,1.0
1387304.0,1.0,1.0,1.0,1.0,1.0
1443397.0,1.0,1.0,1.0,1.0,1.0
1499184.0,1.0,1.0,1.0,1.0,1.0
1554465.0,1.0,1.0,0.0,1.0,1.0
1568307.0,0.0,0.0,0.0,0.0,0.0
1575379.0,1.0,1.0,1.0,1.0,1.0
1590890.0,1.0,1.0,1.0,1.0,1.0
1596683.0,1.0,1.0,1.0,1.0,1.0
1602053.0,1.0,1.0,1.0,1.0,1.0
1638961.0,1.0,1.0,1.0,1.0,1.0
1645708.0,1.0,1.0,1.0,1.0,1.0
1706449.0,0.0,0.0,0.0,0.0,0.0
1706522.0,1.0,1.0,1.0,1.0,1.0
1781451.0,1.0,1.0,1.0,1.0,1.0
1855335.0,1.0,1.0,1.0,1.0,1.0
1856687.0,1.0,1.0,1.0,1.0,1.0
1931039.0,1.0,1.0,1.0,1.0,1.0
1939868.0,1.0,1.0,1.0,1.0,1.0
2013485.0,1.0,1.0,1.0,1.0,1.0
2064250.0,1.0,1.0,1.0,1.0,1.0
2152634.0,1.0,1.0,1.0,1.0,1.0
2203415.0,0.0,0.0,0.0,0.0,0.0
2224606.0,1.0,1.0,1.0,1.0,1.0
2247015.0,1.0,1.0,1.0,1.0,1.0
2295149.0,1.0,1.0,1.0,1.0,1.0
2318314.0,1.0,1.0,1.0,1.0,1.0
2352840.0,1.0,1.0,1.0,1.0,1.0
2376779.0,1.0,1.0,1.0,1.0,1.0
2504143.0,1.0,1.0,1.0,1.0,1.0
2648890.0,1.0,1.0,1.0,1.0,1.0
2680367.0,1.0,1.0,1.0,1.0,1.0
2737552.0,1.0,1.0,1.0,1.0,1.0
3071410.0,1.0,1.0,1.0,1.0,1.0
3074491.0,1.0,1.0,1.0,1.0,1.0
3085899.0,1.0,1.0,1.0,1.0,1.0
3097765.0,1.0,1.0,1.0,1.0,1.0
3120375.0,0.0,0.0,0.0,0.0,1.0
3183965.0,1.0,1.0,1.0,1.0,1.0
3269134.0,1.0,1.0,1.0,1.0,1.0
3315451.0,1.0,1.0,1.0,1.0,1.0
3439656.0,1.0,1.0,1.0,1.0,1.0
3466049.0,1.0,1.0,1.0,1.0,1.0
3715619.0,1.0,1.0,1.0,1.0,1.0
3888786.0,0.0,0.0,0.0,0.0,0.0
4067760.0,0.0,0.0,1.0,1.0,1.0
4216840.0,1.0,1.0,1.0,1.0,1.0
4454853.0,0.0,0.0,0.0,0.0,0.0
4512813.0,1.0,1.0,1.0,1.0,1.0
4673219.0,1.0,1.0,1.0,1.0,1.0
4813528.0,1.0,0.0,0.0,0.0,1.0
4868417.0,1.0,1.0,1.0,1.0,1.0
5067204.0,1.0,1.0,1.0,1.0,1.0
5111967.0,1.0,1.0,1.0,1.0,1.0
5391921.0,1.0,1.0,1.0,1.0,1.0
5393562.0,1.0,1.0,1.0,1.0,1.0
5686052.0,0.0,0.0,0.0,0.0,0.0
5851309.0,1.0,1.0,1.0,1.0,1.0
5988944.0,1.0,1.0,1.0,1.0,1.0
6349231.0,0.0,0.0,0.0,0.0,0.0
6588839.0,1.0,1.0,1.0,1.0,1.0
6614781.0,1.0,1.0,1.0,1.0,1.0
7147827.0,1.0,1.0,1.0,1.0,1.0
7224552.0,1.0,1.0,1.0,1.0,1.0
7405423.0,1.0,1.0,1.0,1.0,1.0
7469923.0,0.0,0.0,0.0,0.0,0.0
7790127.0,1.0,1.0,1.0,1.0,1.0
7911077.0,1.0,1.0,1.0,1.0,1.0
8382291.0,1.0,1.0,1.0,1.0,1.0
8389067.0,1.0,1.0,1.0,1.0,1.0
8390580.0,1.0,1.0,1.0,1.0,1.0
8477697.0,1.0,1.0,1.0,1.0,1.0
8480568.0,1.0,1.0,1.0,1.0,1.0
8533726.0,1.0,1.0,1.0,1.0,1.0
8556980.0,1.0,1.0,1.0,1.0,1.0
8574388.0,1.0,1.0,1.0,1.0,1.0
8699840.0,1.0,1.0,1.0,1.0,1.0
8733767.0,1.0,1.0,1.0,1.0,1.0
8899084.0,1.0,1.0,1.0,1.0,1.0
9187791.0,1.0,1.0,1.0,1.0,1.0
9343606.0,0.0,0.0,0.0,0.0,0.0
9637134.0,1.0,1.0,1.0,1.0,1.0
9835573.0,0.0,0.0,0.0,0.0,0.0
10004054.0,1.0,1.0,1.0,1.0,1.0
10075928.0,1.0,1.0,1.0,1.0,1.0
10194779.0,1.0,1.0,1.0,1.0,1.0
10325120.0,1.0,1.0,1.0,1.0,1.0
10452436.0,1.0,1.0,1.0,1.0,1.0
10887803.0,1.0,1.0,1.0,1.0,1.0
10955236.0,1.0,1.0,1.0,1.0,1.0
10984449.0,1.0,1.0,1.0,1.0,1.0
11099063.0,1.0,1.0,1.0,1.0,1.0
11108790.0,1.0,1.0,1.0,1.0,1.0
11120100.0,1.0,1.0,1.0,1.0,1.0
11287001.0,1.0,1.0,1.0,1.0,1.0
11401921.0,1.0,1.0,1.0,1.0,1.0
11503454.0,1.0,1.0,1.0,1.0,1.0
11627984.0,0.0,0.0,1.0,1.0,1.0
11668217.0,1.0,1.0,1.0,1.0,1.0
11827569.0,1.0,1.0,1.0,1.0,1.0
11915490.0,1.0,1.0,1.0,1.0,1.0
12132837.0,1.0,1.0,1.0,1.0,1.0
12177851.0,0.0,0.0,0.0,0.0,0.0
12281635.0,0.0,0.0,0.0,0.0,0.0
12358055.0,1.0,1.0,1.0,1.0,1.0
12485706.0,1.0,1.0,1.0,1.0,1.0
12598557.0,1.0,1.0,1.0,1.0,1.0
12801342.0,1.0,1.0,1.0,1.0,1.0
12844460.0,1.0,1.0,1.0,1.0,1.0
13103667.0,1.0,1.0,1.0,1.0,1.0
13139046.0,1.0,1.0,1.0,1.0,1.0
13267717.0,1.0,1.0,1.0,1.0,1.0
13308393.0,1.0,1.0,1.0,1.0,1.0
13341688.0,1.0,1.0,1.0,1.0,1.0
13474987.0,1.0,1.0,1.0,1.0,1.0
13593307.0,1.0,1.0,1.0,1.0,1.0
13646946.0,1.0,1.0,1.0,1.0,1.0
13765083.0,1.0,1.0,1.0,1.0,1.0
14412517.0,1.0,1.0,0.0,1.0,1.0
14599924.0,1.0,1.0,1.0,1.0,1.0
14635835.0,1.0,1.0,1.0,1.0,1.0
15132621.0,1.0,1.0,1.0,1.0,1.0
15447520.0,1.0,1.0,1.0,1.0,1.0
15699557.0,0.0,0.0,0.0,0.0,0.0
16028434.0,1.0,1.0,1.0,1.0,1.0
16047002.0,1.0,1.0,0.0,0.0,1.0
16071874.0,1.0,1.0,1.0,1.0,1.0
16249013.0,1.0,1.0,1.0,1.0,1.0
16460958.0,1.0,1.0,1.0,1.0,1.0
17073987.0,1.0,1.0,1.0,1.0,1.0
17397788.0,1.0,1.0,1.0,1.0,1.0
17700744.0,1.0,1.0,1.0,1.0,1.0
17793891.0,0.0,0.0,0.0,0.0,0.0
18713687.0,1.0,1.0,1.0,1.0,1.0
19361606.0,1.0,1.0,1.0,1.0,1.0
20037622.0,1.0,1.0,1.0,1.0,1.0
20180813.0,0.0,0.0,0.0,0.0,0.0
20222556.0,1.0,1.0,1.0,1.0,1.0
20695476.0,1.0,1.0,1.0,1.0,1.0
21482407.0,1.0,1.0,1.0,1.0,1.0
21785183.0,0.0,0.0,0.0,0.0,0.0
22784957.0,1.0,1.0,1.0,1.0,1.0
22807420.0,1.0,1.0,1.0,1.0,1.0
22957015.0,1.0,1.0,1.0,1.0,1.0
23523619.0,1.0,1.0,1.0,1.0,1.0
24003397.0,1.0,1.0,1.0,1.0,1.0
24187084.0,1.0,1.0,1.0,1.0,1.0
24737149.0,1.0,1.0,1.0,1.0,1.0
24842392.0,1.0,1.0,1.0,1.0,1.0
25076472.0,1.0,1.0,1.0,1.0,1.0
25698492.0,1.0,1.0,1.0,1.0,1.0
26070086.0,1.0,1.0,1.0,1.0,1.0
26550495.0,1.0,1.0,1.0,1.0,1.0
27666683.0,1.0,1.0,1.0,1.0,1.0
29531227.0,0.0,0.0,0.0,0.0,1.0
30014375.0,1.0,1.0,1.0,1.0,1.0
30805169.0,0.0,0.0,0.0,0.0,0.0
30884641.0,1.0,1.0,1.0,1.0,1.0
30940030.0,0.0,0.0,0.0,0.0,0.0
31459807.0,1.0,1.0,1.0,1.0,1.0
32011806.0,1.0,1.0,1.0,1.0,1.0
32049462.0,1.0,1.0,1.0,1.0,1.0
32149379.0,1.0,1.0,1.0,1.0,1.0
32223099.0,1.0,1.0,1.0,1.0,1.0
32480932.0,1.0,1.0,1.0,1.0,1.0
32521534.0,0.0,1.0,1.0,1.0,1.0
32656240.0,1.0,1.0,1.0,1.0,1.0
34683082.0,1.0,1.0,1.0,1.0,1.0
34767784.0,1.0,1.0,1.0,1.0,1.0
34809158.0,1.0,1.0,1.0,1.0,1.0
34854379.0,1.0,1.0,1.0,1.0,1.0
35128441.0,1.0,1.0,1.0,1.0,1.0
35662283.0,0.0,0.0,0.0,0.0,0.0
36129235.0,1.0,1.0,1.0,1.0,1.0
36307896.0,0.0,0.0,0.0,0.0,0.0
36614156.0,1.0,1.0,1.0,1.0,1.0
36689300.0,1.0,1.0,1.0,1.0,1.0
36808408.0,1.0,1.0,1.0,1.0,1.0
37228699.0,1.0,1.0,1.0,1.0,1.0
37308584.0,1.0,1.0,1.0,1.0,1.0
38788645.0,1.0,1.0,1.0,1.0,1.0
39265280.0,1.0,1.0,1.0,1.0,1.0
39345754.0,1.0,1.0,1.0,1.0,1.0
39365217.0,0.0,0.0,0.0,0.0,1.0
39387386.0,1.0,1.0,1.0,1.0,1.0
40026612.0,1.0,1.0,1.0,1.0,1.0
40138865.0,1.0,1.0,1.0,1.0,1.0
43835933.0,1.0,1.0,1.0,1.0,1.0
45011435.0,1.0,1.0,1.0,1.0,1.0
45901083.0,1.0,1.0,1.0,1.0,1.0
48272519.0,1.0,1.0,1.0,1.0,1.0
49799519.0,1.0,1.0,1.0,1.0,1.0
53960205.0,1.0,1.0,1.0,1.0,1.0
55021410.0,1.0,1.0,1.0,1.0,1.0
62994992.0,1.0,1.0,1.0,1.0,1.0
65410295.0,1.0,1.0,1.0,1.0,1.0
66791414.0,0.0,0.0,0.0,0.0,0.0
67273977.0,1.0,1.0,1.0,1.0,1.0
79402009.0,0.0,0.0,0.0,1.0,1.0
81292692.0,1.0,1.0,1.0,1.0,1.0
81533559.0,1.0,1.0,1.0,1.0,1.0
82667815.0,0.0,0.0,0.0,0.0,0.0
82925687.0,0.0,0.0,0.0,0.0,0.0
84665044.0,1.0,1.0,1.0,1.0,1.0
88164206.0,1.0,1.0,1.0,1.0,1.0
90443140.0,0.0,0.0,0.0,0.0,0.0
98669175.0,1.0,1.0,1.0,1.0,1.0
100404535.0,1.0,1.0,1.0,1.0,1.0
102987301.0,0.0,0.0,0.0,0.0,1.0
149404602.0,1.0,1.0,1.0,1.0,1.0
159550036.0,1.0,1.0,1.0,1.0,1.0
173131870.0,1.0,1.0,1.0,1.0,1.0
173476287.0,1.0,1.0,1.0,1.0,1.0
179695075.0,1.0,1.0,1.0,1.0,1.0
207614686.0,1.0,1.0,1.0,1.0,1.0
219712194.0,0.0,1.0,0.0,0.0,1.0
232417597.0,1.0,1.0,1.0,1.0,1.0
249116690.0,1.0,1.0,1.0,1.0,1.0
250613454.0,1.0,1.0,1.0,1.0,1.0
268464071.0,1.0,1.0,1.0,1.0,1.0
284685293.0,1.0,1.0,1.0,1.0,1.0
287155491.0,1.0,1.0,1.0,1.0,1.0
326739877.0,1.0,1.0,1.0,1.0,1.0
344521725.0,0.0,0.0,0.0,0.0,0.0
349658815.0,1.0,1.0,1.0,1.0,1.0
349789604.0,1.0,1.0,1.0,1.0,1.0
398753800.0,1.0,1.0,1.0,1.0,1.0
411721470.0,1.0,1.0,1.0,1.0,1.0
457109410.0,1.0,1.0,1.0,1.0,1.0
473417527.0,1.0,1.0,1.0,1.0,1.0
487087434.0,0.0,0.0,0.0,0.0,0.0
499247727.0,1.0,1.0,1.0,1.0,1.0
531777730.0,1.0,1.0,1.0,1.0,1.0
1536205576.0,1.0,1.0,1.0,1.0,1.0
1914618966.0,0.0,0.0,0.0,0.0,1.0
2055198561.0,1.0,1.0,1.0,1.0,1.0
2068154778.0,1.0,1.0,1.0,1.0,1.0
8564326.0,1.0,1.0,1.0,1.0,1.0
5538310.0,1.0,1.0,1.0,1.0,1.0
16460816.0,1.0,1.0,1.0,1.0,1.0
27431598.0,1.0,1.0,1.0,0.0,1.0
10470360.0,1.0,0.0,1.0,1.0,1.0
2803944.0,0.0,0.0,0.0,0.0,0.0
257303.0,1.0,1.0,1.0,1.0,1.0
1524001.0,1.0,1.0,1.0,1.0,1.0
6035364.0,1.0,1.0,1.0,1.0,1.0
11100558.0,1.0,1.0,1.0,1.0,1.0
11474074.0,1.0,1.0,1.0,1.0,1.0
15308336.0,1.0,1.0,1.0,1.0,1.0
32340806.0,0.0,0.0,0.0,0.0,0.0
392047478.0,1.0,1.0,1.0,1.0,1.0
11254673.0,0.0,0.0,0.0,0.0,1.0
49488081.0,1.0,1.0,1.0,1.0,1.0
421920.0,1.0,1.0,1.0,1.0,1.0
2393030.0,0.0,0.0,0.0,0.0,0.0
7880363.0,1.0,1.0,1.0,1.0,1.0
13569900.0,1.0,1.0,1.0,1.0,1.0
21888412.0,1.0,1.0,1.0,1.0,1.0
2553327.0,1.0,1.0,1.0,1.0,1.0
4671126.0,0.0,0.0,0.0,0.0,0.0
25339744.0,1.0,1.0,1.0,1.0,1.0
651697868.0,1.0,1.0,1.0,1.0,1.0
223260024.0,1.0,1.0,0.0,0.0,1.0
137507.0,1.0,1.0,1.0,1.0,1.0
12944028.0,1.0,1.0,1.0,1.0,1.0
37934549.0,1.0,1.0,1.0,1.0,1.0
10978198.0,0.0,0.0,0.0,0.0,0.0
13563766.0,1.0,1.0,1.0,1.0,1.0
20260503.0,1.0,1.0,1.0,1.0,1.0
1634957.0,1.0,1.0,1.0,1.0,1.0
8702691.0,1.0,1.0,1.0,1.0,1.0
29514262.0,1.0,1.0,1.0,1.0,1.0
381774792.0,1.0,1.0,1.0,1.0,1.0
171716240.0,1.0,1.0,1.0,1.0,1.0
5841455.0,1.0,1.0,1.0,1.0,1.0
7884825.0,1.0,1.0,1.0,1.0,1.0
8034049.0,1.0,1.0,1.0,1.0,1.0
20359468.0,1.0,1.0,1.0,1.0,1.0
22936257.0,1.0,1.0,1.0,1.0,1.0
31190554.0,0.0,0.0,0.0,0.0,0.0
55958436.0,0.0,0.0,0.0,0.0,0.0
293869327.0,0.0,0.0,0.0,0.0,1.0
45434982.0,1.0,1.0,1.0,1.0,1.0
10398743.0,1.0,1.0,1.0,1.0,1.0
676916.0,1.0,1.0,1.0,1.0,1.0
37605100.0,1.0,1.0,1.0,1.0,1.0
39205894.0,1.0,1.0,1.0,1.0,1.0
8906347.0,1.0,1.0,1.0,1.0,1.0
17517742.0,1.0,1.0,1.0,1.0,1.0
20187389.0,1.0,1.0,1.0,1.0,1.0
13998.0,1.0,1.0,1.0,1.0,1.0
34674.0,1.0,1.0,1.0,1.0,1.0
61635.0,1.0,1.0,1.0,1.0,1.0
164335.0,1.0,1.0,1.0,1.0,1.0
203390.0,1.0,1.0,1.0,1.0,1.0
348088.0,1.0,1.0,1.0,1.0,1.0
381342.0,0.0,0.0,0.0,0.0,0.0
407458.0,1.0,1.0,1.0,1.0,1.0
430596.0,1.0,1.0,1.0,1.0,1.0
473185.0,1.0,1.0,1.0,1.0,1.0
477335.0,1.0,1.0,0.0,0.0,1.0
494019.0,1.0,1.0,1.0,1.0,1.0
625488.0,0.0,0.0,0.0,0.0,0.0
794867.0,1.0,1.0,1.0,1.0,1.0
865467.0,1.0,1.0,1.0,1.0,1.0
1414618.0,1.0,1.0,1.0,1.0,1.0
1724277.0,1.0,1.0,1.0,1.0,1.0
1726345.0,1.0,1.0,1.0,1.0,1.0
1967905.0,1.0,1.0,1.0,1.0,1.0
1997956.0,0.0,0.0,0.0,0.0,0.0
2033505.0,1.0,1.0,1.0,1.0,1.0
2121718.0,1.0,1.0,1.0,1.0,1.0
2269434.0,1.0,1.0,0.0,1.0,1.0
2384379.0,1.0,1.0,1.0,1.0,1.0
2516833.0,1.0,1.0,1.0,1.0,1.0
2638863.0,1.0,1.0,1.0,1.0,1.0
2640576.0,1.0,1.0,1.0,1.0,1.0
2680710.0,1.0,1.0,1.0,1.0,1.0
2761517.0,0.0,0.0,0.0,0.0,0.0
2793472.0,1.0,1.0,1.0,1.0,1.0
2898145.0,1.0,1.0,1.0,1.0,1.0
3179828.0,1.0,1.0,1.0,1.0,1.0
3360157.0,1.0,1.0,1.0,1.0,1.0
3732030.0,1.0,1.0,1.0,1.0,1.0
3835088.0,1.0,1.0,1.0,1.0,1.0
4488176.0,0.0,0.0,0.0,0.0,1.0
4582489.0,1.0,1.0,1.0,1.0,1.0
4695094.0,1.0,1.0,1.0,1.0,1.0
4958258.0,1.0,1.0,1.0,1.0,1.0
5318993.0,1.0,1.0,1.0,1.0,1.0
5529416.0,1.0,1.0,1.0,1.0,1.0
5591453.0,1.0,1.0,1.0,1.0,1.0
5847764.0,1.0,1.0,1.0,1.0,1.0
5932445.0,1.0,1.0,1.0,1.0,1.0
5964145.0,1.0,1.0,1.0,1.0,1.0
6003758.0,1.0,1.0,1.0,1.0,1.0
6295913.0,0.0,0.0,0.0,0.0,1.0
6463696.0,1.0,1.0,1.0,1.0,1.0
6499810.0,1.0,1.0,1.0,1.0,1.0
6659971.0,1.0,1.0,1.0,1.0,1.0
6865567.0,1.0,1.0,1.0,1.0,1.0
7030196.0,0.0,1.0,1.0,0.0,1.0
7044604.0,1.0,1.0,1.0,1.0,1.0
7103462.0,1.0,1.0,1.0,1.0,1.0
7136405.0,1.0,1.0,1.0,1.0,1.0
7502650.0,1.0,1.0,1.0,1.0,1.0
8018950.0,1.0,1.0,1.0,1.0,1.0
8034174.0,1.0,1.0,1.0,1.0,1.0
8160345.0,1.0,1.0,1.0,1.0,1.0
8307905.0,1.0,1.0,1.0,1.0,1.0
8401622.0,1.0,1.0,1.0,1.0,1.0
8404879.0,1.0,1.0,1.0,1.0,1.0
8488235.0,1.0,1.0,1.0,1.0,1.0
8939524.0,1.0,1.0,1.0,1.0,1.0
9116205.0,1.0,1.0,1.0,1.0,1.0
9180664.0,1.0,1.0,1.0,1.0,1.0
9202687.0,1.0,1.0,1.0,1.0,1.0
9319549.0,1.0,1.0,1.0,1.0,1.0
9321296.0,1.0,1.0,1.0,1.0,1.0
9386440.0,1.0,1.0,1.0,1.0,1.0
9451866.0,1.0,1.0,1.0,1.0,1.0
9538108.0,1.0,1.0,1.0,1.0,1.0
10322997.0,0.0,0.0,1.0,1.0,1.0
11129340.0,1.0,1.0,1.0,1.0,1.0
12251467.0,1.0,1.0,1.0,1.0,1.0
12323636.0,1.0,1.0,1.0,1.0,1.0
12393740.0,1.0,1.0,1.0,1.0,1.0
12399562.0,1.0,0.0,0.0,0.0,1.0
12450824.0,1.0,1.0,1.0,1.0,1.0
12565462.0,1.0,1.0,1.0,1.0,1.0
13771176.0,1.0,1.0,1.0,1.0,1.0
13848802.0,1.0,1.0,1.0,1.0,1.0
13982423.0,1.0,1.0,1.0,1.0,1.0
14175870.0,0.0,0.0,0.0,0.0,1.0
14191971.0,1.0,1.0,1.0,1.0,1.0
14480221.0,0.0,0.0,0.0,0.0,0.0
14707651.0,1.0,1.0,1.0,1.0,1.0
14784628.0,1.0,1.0,1.0,1.0,1.0
14895851.0,1.0,1.0,1.0,1.0,1.0
17083108.0,1.0,1.0,1.0,1.0,1.0
17143360.0,1.0,1.0,1.0,1.0,1.0
18653637.0,1.0,1.0,1.0,1.0,1.0
19027974.0,1.0,1.0,1.0,1.0,1.0
20080306.0,1.0,1.0,1.0,1.0,1.0
20226072.0,1.0,1.0,1.0,1.0,1.0
23319185.0,1.0,1.0,1.0,1.0,1.0
24882170.0,1.0,1.0,1.0,1.0,1.0
25393178.0,1.0,1.0,1.0,1.0,1.0
25518916.0,1.0,1.0,1.0,1.0,1.0
25608564.0,1.0,1.0,1.0,1.0,1.0
26026830.0,1.0,1.0,1.0,1.0,1.0
27316977.0,0.0,0.0,0.0,0.0,0.0
27914362.0,0.0,0.0,0.0,0.0,0.0
31049673.0,1.0,1.0,1.0,1.0,1.0
33590041.0,1.0,1.0,1.0,1.0,1.0
34071228.0,1.0,1.0,1.0,1.0,1.0
34564590.0,1.0,1.0,1.0,1.0,1.0
34970984.0,1.0,1.0,1.0,1.0,1.0
35003722.0,1.0,1.0,1.0,1.0,1.0
35909225.0,0.0,0.0,0.0,0.0,0.0
36711537.0,1.0,1.0,1.0,1.0,1.0
37185036.0,1.0,1.0,1.0,1.0,1.0
37294700.0,1.0,1.0,1.0,1.0,1.0
37446591.0,1.0,1.0,1.0,1.0,1.0
37488252.0,0.0,0.0,0.0,0.0,0.0
37664772.0,1.0,1.0,1.0,1.0,1.0
38173541.0,1.0,1.0,1.0,1.0,1.0
40606952.0,1.0,1.0,1.0,1.0,1.0
40819343.0,1.0,1.0,1.0,1.0,1.0
50071938.0,0.0,0.0,0.0,0.0,0.0
59502738.0,1.0,1.0,1.0,1.0,1.0
77469705.0,1.0,1.0,1.0,1.0,1.0
82658096.0,0.0,0.0,0.0,0.0,1.0
84706241.0,1.0,1.0,1.0,1.0,1.0
86492019.0,0.0,0.0,0.0,0.0,0.0
91402155.0,1.0,1.0,1.0,1.0,1.0
91480484.0,1.0,1.0,1.0,1.0,1.0
98314339.0,1.0,1.0,1.0,1.0,1.0
121921459.0,0.0,0.0,0.0,0.0,0.0
128403863.0,1.0,1.0,1.0,1.0,1.0
133382626.0,1.0,1.0,1.0,1.0,1.0
143803641.0,1.0,1.0,1.0,1.0,1.0
173000186.0,1.0,1.0,1.0,1.0,1.0
174826523.0,1.0,1.0,1.0,1.0,1.0
197316212.0,1.0,1.0,1.0,1.0,1.0
204354828.0,1.0,1.0,1.0,1.0,1.0
209626000.0,1.0,1.0,1.0,1.0,1.0
257617553.0,1.0,1.0,1.0,1.0,1.0
271146299.0,0.0,0.0,0.0,0.0,0.0
272427765.0,1.0,1.0,1.0,1.0,1.0
279639888.0,1.0,1.0,1.0,1.0,1.0
281419668.0,1.0,1.0,1.0,1.0,1.0
289864921.0,1.0,1.0,1.0,1.0,1.0
307959839.0,1.0,1.0,1.0,1.0,1.0
318938449.0,1.0,1.0,1.0,1.0,1.0
322246752.0,1.0,1.0,1.0,1.0,1.0
322733172.0,1.0,1.0,1.0,1.0,1.0
326712398.0,1.0,1.0,1.0,1.0,1.0
335621001.0,1.0,1.0,1.0,1.0,1.0
344733406.0,1.0,1.0,1.0,1.0,1.0
344927710.0,1.0,1.0,1.0,1.0,1.0
361075394.0,1.0,1.0,1.0,1.0,1.0
396785009.0,1.0,1.0,1.0,1.0,1.0
433824419.0,1.0,1.0,1.0,1.0,1.0
434732578.0,1.0,1.0,1.0,1.0,1.0
444835489.0,1.0,1.0,0.0,0.0,1.0
474337258.0,0.0,0.0,1.0,0.0,1.0
513426772.0,1.0,1.0,1.0,1.0,1.0
689658034.0,0.0,0.0,0.0,0.0,0.0
1279148361.0,0.0,0.0,0.0,0.0,0.0
1929676432.0,1.0,1.0,1.0,1.0,1.0
8712812.0,1.0,1.0,1.0,1.0,1.0
394344.0,1.0,1.0,1.0,1.0,1.0
500442.0,1.0,1.0,1.0,1.0,1.0
8493439.0,1.0,1.0,1.0,1.0,1.0
148044975.0,1.0,1.0,1.0,1.0,1.0
2106518.0,1.0,1.0,1.0,1.0,1.0
579715.0,1.0,1.0,1.0,1.0,1.0
599747.0,1.0,1.0,1.0,1.0,1.0
813817.0,1.0,1.0,1.0,1.0,1.0
2271525.0,0.0,0.0,0.0,0.0,0.0
3930847.0,1.0,1.0,1.0,1.0,1.0
4120231.0,0.0,0.0,0.0,0.0,1.0
4440421.0,1.0,1.0,1.0,1.0,1.0
4833487.0,1.0,1.0,1.0,1.0,1.0
5882303.0,1.0,1.0,1.0,1.0,1.0
6405732.0,1.0,1.0,1.0,1.0,1.0
7990432.0,1.0,1.0,1.0,1.0,1.0
8603514.0,1.0,1.0,1.0,1.0,1.0
11466100.0,0.0,0.0,0.0,0.0,0.0
11826978.0,1.0,1.0,1.0,1.0,1.0
14010968.0,1.0,1.0,1.0,1.0,1.0
15073186.0,1.0,1.0,1.0,1.0,1.0
19554558.0,1.0,1.0,1.0,1.0,1.0
20574323.0,1.0,1.0,1.0,1.0,1.0
23070804.0,1.0,1.0,1.0,1.0,1.0
28160757.0,1.0,1.0,1.0,1.0,1.0
29836657.0,1.0,1.0,1.0,1.0,1.0
30931849.0,1.0,1.0,1.0,1.0,1.0
34849124.0,1.0,1.0,1.0,1.0,1.0
34947413.0,1.0,1.0,1.0,1.0,1.0
38893949.0,1.0,1.0,1.0,1.0,1.0
39524828.0,0.0,0.0,0.0,0.0,0.0
57731003.0,1.0,1.0,1.0,1.0,1.0
108164066.0,0.0,0.0,0.0,0.0,1.0
356016380.0,1.0,1.0,1.0,1.0,1.0
415847379.0,1.0,1.0,1.0,1.0,1.0
483266841.0,1.0,1.0,1.0,1.0,1.0
23183229.0,1.0,1.0,1.0,1.0,1.0
15620734.0,1.0,1.0,1.0,1.0,1.0
8084990.0,1.0,1.0,1.0,1.0,1.0
7917178.0,0.0,0.0,1.0,0.0,1.0
197626984.0,1.0,1.0,1.0,1.0,1.0
7868934.0,1.0,1.0,1.0,1.0,1.0
162231260.0,0.0,0.0,0.0,0.0,0.0
9940609.0,1.0,1.0,1.0,1.0,1.0
50493151.0,1.0,1.0,1.0,1.0,1.0
76763582.0,1.0,1.0,1.0,1.0,1.0
12495128.0,1.0,1.0,1.0,1.0,1.0
2688595.0,1.0,1.0,1.0,1.0,1.0
210166913.0,1.0,1.0,1.0,1.0,1.0
164718541.0,1.0,1.0,1.0,1.0,1.0
11840300.0,1.0,1.0,1.0,1.0,1.0
12180178.0,1.0,1.0,1.0,1.0,1.0
23110617.0,1.0,1.0,1.0,1.0,1.0
33889723.0,1.0,1.0,1.0,1.0,1.0
40095148.0,1.0,1.0,1.0,1.0,1.0
435080065.0,0.0,0.0,0.0,0.0,0.0
633229187.0,1.0,1.0,1.0,1.0,1.0
12542925.0,1.0,1.0,1.0,1.0,1.0
34432644.0,1.0,1.0,1.0,1.0,1.0
10252273.0,0.0,0.0,0.0,0.0,0.0
11221712.0,1.0,1.0,1.0,1.0,1.0
12237757.0,0.0,0.0,0.0,0.0,0.0
46483377.0,1.0,1.0,1.0,1.0,1.0
1513082.0,1.0,1.0,1.0,1.0,1.0
4644359.0,1.0,1.0,1.0,1.0,1.0
11504374.0,1.0,1.0,1.0,1.0,1.0
12240145.0,1.0,1.0,1.0,1.0,1.0
14309661.0,0.0,0.0,0.0,0.0,1.0
18325255.0,1.0,1.0,1.0,1.0,1.0
374793783.0,1.0,1.0,1.0,1.0,1.0
379415484.0,1.0,1.0,1.0,1.0,1.0
382505117.0,0.0,0.0,0.0,0.0,0.0
392311602.0,1.0,1.0,1.0,1.0,1.0
428345300.0,0.0,0.0,0.0,0.0,1.0
683801.0,1.0,0.0,0.0,0.0,1.0
8033906.0,0.0,0.0,0.0,0.0,0.0
18292476.0,1.0,1.0,1.0,1.0,1.0
22293968.0,1.0,1.0,1.0,1.0,1.0
158131781.0,1.0,1.0,1.0,1.0,1.0
130039378.0,0.0,0.0,0.0,0.0,0.0
354105073.0,1.0,1.0,1.0,1.0,1.0
105417605.0,1.0,1.0,1.0,1.0,1.0
384167214.0,0.0,0.0,0.0,0.0,0.0
9293678.0,0.0,0.0,0.0,0.0,0.0
12829979.0,1.0,1.0,1.0,1.0,1.0
217637531.0,1.0,1.0,1.0,1.0,1.0
444853351.0,0.0,0.0,0.0,0.0,0.0
352387397.0,1.0,1.0,1.0,1.0,1.0
88988850.0,1.0,1.0,1.0,1.0,1.0
10847135.0,1.0,1.0,1.0,1.0,1.0
21456189.0,1.0,1.0,1.0,1.0,1.0
51188412.0,0.0,0.0,0.0,0.0,1.0
173831829.0,1.0,1.0,1.0,1.0,1.0
299909022.0,0.0,0.0,0.0,0.0,0.0
494424394.0,1.0,1.0,1.0,1.0,1.0
8271974.0,0.0,0.0,0.0,0.0,1.0
35569171.0,1.0,1.0,1.0,1.0,1.0
150170244.0,1.0,1.0,1.0,1.0,1.0
12166580.0,1.0,1.0,1.0,1.0,1.0
25735766.0,1.0,1.0,1.0,1.0,1.0
29660621.0,0.0,0.0,0.0,0.0,1.0
37784696.0,0.0,0.0,0.0,0.0,1.0
66250345.0,1.0,1.0,1.0,1.0,1.0
438416488.0,1.0,1.0,1.0,1.0,1.0
2713697.0,0.0,0.0,0.0,0.0,0.0
4991860.0,1.0,1.0,1.0,1.0,1.0
36491319.0,1.0,1.0,1.0,1.0,1.0
170268192.0,1.0,1.0,1.0,1.0,1.0
170870987.0,1.0,1.0,1.0,1.0,1.0
255951466.0,0.0,0.0,0.0,0.0,0.0
124269.0,1.0,1.0,1.0,1.0,1.0
289484792.0,1.0,1.0,1.0,1.0,1.0
546114.0,1.0,1.0,1.0,1.0,1.0
8808988.0,1.0,1.0,1.0,1.0,1.0
12509102.0,1.0,1.0,1.0,1.0,1.0
37483486.0,1.0,1.0,1.0,1.0,1.0
97138567.0,1.0,1.0,1.0,1.0,1.0
22597789.0,1.0,1.0,1.0,1.0,1.0
2751543.0,0.0,0.0,0.0,0.0,0.0
1877196.0,1.0,0.0,0.0,0.0,1.0
2142522.0,1.0,1.0,1.0,1.0,1.0
2571478.0,1.0,0.0,0.0,0.0,1.0
4816622.0,1.0,1.0,1.0,1.0,1.0
8819788.0,1.0,1.0,1.0,1.0,1.0
9119915.0,1.0,1.0,1.0,1.0,1.0
14752329.0,1.0,1.0,1.0,1.0,1.0
37023679.0,1.0,1.0,1.0,1.0,1.0
14963974.0,1.0,1.0,1.0,1.0,1.0
26495586.0,1.0,1.0,1.0,1.0,1.0
295220484.0,1.0,1.0,1.0,1.0,1.0
629092.0,1.0,1.0,1.0,1.0,1.0
4117471.0,1.0,1.0,1.0,1.0,1.0
20304958.0,1.0,1.0,1.0,1.0,1.0
38310413.0,1.0,1.0,1.0,1.0,1.0
50520176.0,1.0,1.0,1.0,1.0,1.0
5542357.0,1.0,1.0,1.0,1.0,1.0
11489595.0,1.0,1.0,1.0,1.0,1.0
19908398.0,1.0,1.0,1.0,1.0,1.0
284493929.0,1.0,1.0,1.0,1.0,1.0
1837149511.0,1.0,1.0,1.0,1.0,1.0
186629.0,1.0,1.0,1.0,1.0,1.0
216807.0,1.0,1.0,1.0,1.0,1.0
368981.0,0.0,0.0,0.0,0.0,0.0
1416624.0,1.0,1.0,1.0,1.0,1.0
1502991.0,1.0,0.0,0.0,1.0,1.0
1776349.0,1.0,1.0,1.0,1.0,1.0
1939061.0,1.0,1.0,1.0,1.0,1.0
2248045.0,1.0,1.0,1.0,1.0,1.0
2817911.0,1.0,1.0,1.0,1.0,1.0
4116807.0,0.0,0.0,0.0,0.0,0.0
4700477.0,0.0,0.0,0.0,0.0,0.0
5451058.0,1.0,1.0,1.0,1.0,1.0
7817787.0,1.0,1.0,1.0,1.0,1.0
8322893.0,1.0,1.0,1.0,1.0,1.0
9943861.0,0.0,1.0,1.0,1.0,1.0
10229614.0,0.0,0.0,0.0,0.0,0.0
11140781.0,1.0,1.0,1.0,1.0,1.0
11654856.0,1.0,1.0,1.0,1.0,1.0
12055050.0,1.0,1.0,1.0,1.0,1.0
12801257.0,1.0,1.0,1.0,1.0,1.0
16191038.0,1.0,1.0,1.0,1.0,1.0
22646444.0,0.0,0.0,0.0,0.0,0.0
23004472.0,1.0,1.0,1.0,1.0,1.0
25838676.0,1.0,1.0,1.0,1.0,1.0
32196281.0,0.0,0.0,0.0,0.0,0.0
33719771.0,1.0,1.0,1.0,1.0,1.0
37281093.0,1.0,1.0,1.0,1.0,1.0
37554282.0,1.0,1.0,1.0,1.0,1.0
38769399.0,1.0,1.0,1.0,1.0,1.0
45244512.0,1.0,1.0,1.0,1.0,1.0
45249751.0,1.0,1.0,1.0,1.0,1.0
87981690.0,1.0,1.0,1.0,1.0,1.0
101024642.0,1.0,1.0,1.0,1.0,1.0
151980545.0,1.0,1.0,1.0,1.0,1.0
172896928.0,1.0,1.0,1.0,1.0,1.0
176032952.0,1.0,1.0,1.0,1.0,1.0
180222718.0,1.0,1.0,1.0,1.0,1.0
235659427.0,1.0,1.0,1.0,1.0,1.0
268613161.0,1.0,1.0,1.0,1.0,1.0
287103883.0,1.0,1.0,0.0,0.0,1.0
303408026.0,1.0,1.0,1.0,1.0,1.0
383659861.0,1.0,1.0,1.0,1.0,1.0
390526857.0,1.0,1.0,1.0,1.0,1.0
436810619.0,1.0,1.0,1.0,1.0,1.0
688037720.0,1.0,1.0,1.0,1.0,1.0
691.0,1.0,1.0,1.0,1.0,1.0
2133.0,1.0,1.0,1.0,1.0,1.0
2490.0,1.0,1.0,1.0,1.0,1.0
2837.0,1.0,1.0,1.0,1.0,1.0
4636.0,1.0,1.0,1.0,1.0,1.0
4955.0,0.0,0.0,0.0,0.0,0.0
10272.0,1.0,1.0,1.0,1.0,1.0
10472.0,1.0,1.0,1.0,1.0,1.0
12034.0,0.0,0.0,0.0,0.0,0.0
13734.0,0.0,0.0,0.0,0.0,0.0
17322.0,1.0,1.0,1.0,1.0,1.0
18852.0,1.0,1.0,1.0,1.0,1.0
20599.0,1.0,1.0,1.0,1.0,1.0
23330.0,1.0,1.0,1.0,1.0,1.0
28503.0,1.0,1.0,1.0,1.0,1.0
45189.0,1.0,1.0,1.0,1.0,1.0
48582.0,1.0,1.0,1.0,1.0,1.0
50575.0,1.0,1.0,1.0,1.0,1.0
55068.0,1.0,1.0,1.0,1.0,1.0
56532.0,1.0,1.0,1.0,1.0,1.0
61034.0,0.0,0.0,0.0,0.0,0.0
71335.0,1.0,1.0,1.0,1.0,1.0
79454.0,1.0,1.0,1.0,1.0,1.0
80646.0,1.0,1.0,1.0,1.0,1.0
97250.0,1.0,1.0,1.0,1.0,1.0
100796.0,1.0,1.0,1.0,1.0,1.0
119910.0,1.0,1.0,1.0,1.0,1.0
120855.0,1.0,1.0,1.0,1.0,1.0
122566.0,1.0,1.0,1.0,1.0,1.0
124104.0,1.0,1.0,1.0,1.0,1.0
125062.0,1.0,1.0,1.0,1.0,1.0
126521.0,1.0,1.0,1.0,1.0,1.0
127130.0,1.0,1.0,1.0,1.0,1.0
131024.0,1.0,1.0,1.0,1.0,1.0
136844.0,0.0,0.0,0.0,0.0,0.0
141422.0,1.0,1.0,1.0,1.0,1.0
159765.0,1.0,1.0,1.0,1.0,1.0
167263.0,1.0,1.0,1.0,1.0,1.0
167342.0,1.0,1.0,1.0,1.0,1.0
171026.0,1.0,1.0,1.0,1.0,1.0
173867.0,1.0,1.0,1.0,1.0,1.0
188882.0,1.0,1.0,1.0,1.0,1.0
190834.0,1.0,1.0,1.0,1.0,1.0
191533.0,1.0,1.0,1.0,1.0,1.0
191619.0,1.0,1.0,1.0,1.0,1.0
193481.0,1.0,1.0,1.0,1.0,1.0
194336.0,1.0,1.0,1.0,1.0,1.0
195440.0,0.0,0.0,0.0,0.0,0.0
202109.0,1.0,1.0,1.0,1.0,1.0
205037.0,1.0,1.0,1.0,1.0,1.0
205248.0,0.0,0.0,0.0,0.0,1.0
208979.0,1.0,1.0,1.0,1.0,1.0
215335.0,1.0,1.0,1.0,1.0,1.0
219150.0,1.0,1.0,1.0,1.0,1.0
225489.0,0.0,0.0,0.0,0.0,0.0
242560.0,1.0,1.0,1.0,1.0,1.0
243998.0,1.0,1.0,1.0,1.0,1.0
249546.0,1.0,1.0,1.0,1.0,1.0
267522.0,1.0,1.0,1.0,1.0,1.0
276134.0,0.0,0.0,0.0,0.0,0.0
281573.0,1.0,1.0,1.0,1.0,1.0
282277.0,1.0,1.0,1.0,1.0,1.0
283210.0,1.0,1.0,1.0,1.0,1.0
286567.0,1.0,1.0,1.0,1.0,1.0
291032.0,1.0,1.0,1.0,1.0,1.0
291056.0,1.0,1.0,1.0,1.0,1.0
293700.0,0.0,0.0,0.0,0.0,0.0
296083.0,0.0,0.0,1.0,1.0,1.0
300168.0,1.0,1.0,1.0,1.0,1.0
306541.0,0.0,0.0,0.0,1.0,1.0
310997.0,0.0,0.0,0.0,0.0,0.0
317625.0,1.0,1.0,1.0,1.0,1.0
334120.0,0.0,0.0,0.0,0.0,0.0
342745.0,1.0,1.0,1.0,1.0,1.0
378823.0,1.0,1.0,1.0,1.0,1.0
379240.0,0.0,0.0,0.0,0.0,0.0
385944.0,1.0,1.0,1.0,1.0,1.0
389007.0,1.0,1.0,1.0,1.0,1.0
398988.0,1.0,1.0,1.0,1.0,1.0
400310.0,1.0,1.0,1.0,1.0,1.0
403030.0,1.0,1.0,1.0,1.0,1.0
418566.0,1.0,1.0,1.0,1.0,1.0
419444.0,1.0,1.0,1.0,1.0,1.0
423040.0,0.0,0.0,0.0,0.0,0.0
424541.0,1.0,1.0,1.0,1.0,1.0
427218.0,0.0,0.0,0.0,0.0,0.0
428368.0,1.0,1.0,1.0,1.0,1.0
429080.0,1.0,1.0,1.0,1.0,1.0
434175.0,1.0,1.0,1.0,1.0,1.0
440877.0,1.0,1.0,1.0,1.0,1.0
454017.0,1.0,1.0,1.0,1.0,1.0
465649.0,1.0,1.0,1.0,1.0,1.0
468163.0,0.0,0.0,0.0,0.0,0.0
472403.0,1.0,1.0,1.0,1.0,1.0
474930.0,0.0,0.0,0.0,0.0,0.0
478295.0,1.0,1.0,1.0,1.0,1.0
483471.0,1.0,1.0,1.0,1.0,1.0
490536.0,0.0,0.0,0.0,0.0,0.0
509881.0,1.0,1.0,1.0,1.0,1.0
510893.0,1.0,1.0,1.0,1.0,1.0
515437.0,1.0,1.0,1.0,1.0,1.0
529118.0,1.0,1.0,1.0,1.0,1.0
532203.0,0.0,0.0,0.0,0.0,0.0
536630.0,1.0,1.0,1.0,1.0,1.0
536966.0,1.0,1.0,1.0,1.0,1.0
541210.0,1.0,1.0,1.0,1.0,1.0
548921.0,1.0,1.0,1.0,1.0,1.0
549535.0,1.0,1.0,1.0,1.0,1.0
550015.0,1.0,1.0,1.0,1.0,1.0
557650.0,1.0,1.0,0.0,1.0,1.0
561146.0,1.0,0.0,0.0,1.0,1.0
564833.0,0.0,0.0,0.0,0.0,0.0
573650.0,0.0,0.0,0.0,0.0,0.0
573945.0,1.0,1.0,1.0,1.0,1.0
575377.0,1.0,1.0,1.0,1.0,1.0
580004.0,1.0,1.0,1.0,1.0,1.0
584618.0,1.0,1.0,1.0,1.0,1.0
587992.0,1.0,1.0,1.0,1.0,1.0
593203.0,1.0,1.0,1.0,1.0,1.0
593361.0,1.0,1.0,1.0,1.0,1.0
602817.0,1.0,1.0,1.0,1.0,1.0
605957.0,1.0,1.0,1.0,1.0,1.0
607561.0,1.0,1.0,1.0,1.0,1.0
613821.0,1.0,1.0,1.0,1.0,1.0
619927.0,1.0,1.0,1.0,1.0,1.0
623678.0,1.0,1.0,1.0,1.0,1.0
623698.0,1.0,1.0,1.0,1.0,1.0
624209.0,1.0,1.0,1.0,1.0,1.0
624871.0,1.0,1.0,1.0,1.0,1.0
630720.0,1.0,1.0,1.0,1.0,1.0
634325.0,0.0,0.0,0.0,0.0,1.0
636808.0,1.0,1.0,1.0,1.0,1.0
658794.0,1.0,1.0,1.0,1.0,1.0
659904.0,1.0,1.0,1.0,1.0,1.0
660163.0,1.0,1.0,1.0,1.0,1.0
672810.0,1.0,1.0,1.0,1.0,1.0
674737.0,1.0,1.0,1.0,1.0,1.0
693652.0,1.0,1.0,1.0,1.0,1.0
694163.0,1.0,1.0,1.0,1.0,1.0
698171.0,1.0,1.0,1.0,1.0,1.0
699597.0,0.0,0.0,0.0,0.0,0.0
700723.0,1.0,1.0,1.0,1.0,1.0
721965.0,1.0,1.0,1.0,1.0,1.0
734707.0,1.0,1.0,1.0,1.0,1.0
740771.0,1.0,1.0,1.0,1.0,1.0
744821.0,1.0,1.0,1.0,1.0,1.0
765294.0,1.0,1.0,1.0,1.0,1.0
768483.0,0.0,0.0,0.0,0.0,0.0
776207.0,1.0,1.0,1.0,1.0,1.0
778795.0,0.0,0.0,0.0,0.0,0.0
783466.0,1.0,1.0,1.0,1.0,1.0
785097.0,1.0,1.0,1.0,1.0,1.0
786712.0,1.0,1.0,1.0,1.0,1.0
788062.0,0.0,0.0,0.0,0.0,0.0
793519.0,1.0,1.0,1.0,1.0,1.0
800063.0,0.0,0.0,0.0,0.0,0.0
801072.0,1.0,1.0,1.0,1.0,1.0
802777.0,1.0,1.0,1.0,1.0,1.0
804500.0,1.0,1.0,1.0,1.0,1.0
821290.0,1.0,1.0,1.0,1.0,1.0
828171.0,1.0,1.0,1.0,1.0,1.0
832858.0,0.0,0.0,1.0,0.0,1.0
834175.0,1.0,1.0,1.0,1.0,1.0
841794.0,1.0,1.0,1.0,1.0,1.0
845928.0,1.0,0.0,0.0,1.0,1.0
854411.0,1.0,1.0,1.0,1.0,1.0
856367.0,1.0,1.0,1.0,1.0,1.0
858110.0,1.0,1.0,1.0,1.0,1.0
865493.0,1.0,1.0,1.0,1.0,1.0
866527.0,1.0,1.0,1.0,1.0,1.0
871541.0,1.0,1.0,1.0,1.0,1.0
900940.0,1.0,1.0,1.0,1.0,1.0
901245.0,1.0,1.0,1.0,1.0,1.0
910665.0,1.0,1.0,1.0,1.0,1.0
941249.0,1.0,1.0,1.0,1.0,1.0
950552.0,1.0,1.0,1.0,1.0,1.0
1267487.0,1.0,1.0,1.0,1.0,1.0
1268037.0,1.0,1.0,1.0,1.0,1.0
1273707.0,1.0,1.0,1.0,1.0,1.0
1297442.0,1.0,1.0,1.0,1.0,1.0
1300704.0,1.0,1.0,1.0,1.0,1.0
1305265.0,0.0,0.0,0.0,0.0,0.0
1309391.0,1.0,1.0,1.0,1.0,1.0
1319467.0,1.0,1.0,1.0,1.0,1.0
1320091.0,0.0,0.0,0.0,0.0,0.0
1320842.0,0.0,0.0,0.0,0.0,0.0
1326748.0,1.0,1.0,1.0,1.0,1.0
1339850.0,1.0,1.0,1.0,1.0,1.0
1382535.0,1.0,1.0,1.0,1.0,1.0
1392420.0,1.0,1.0,1.0,1.0,1.0
1392840.0,1.0,1.0,0.0,1.0,1.0
1407048.0,0.0,0.0,0.0,0.0,0.0
1408518.0,1.0,0.0,0.0,0.0,1.0
1413317.0,1.0,1.0,1.0,1.0,1.0
1430820.0,1.0,1.0,1.0,1.0,1.0
1430943.0,1.0,1.0,1.0,1.0,1.0
1447195.0,1.0,1.0,1.0,1.0,1.0
1472831.0,1.0,1.0,1.0,1.0,1.0
1493537.0,1.0,1.0,1.0,1.0,1.0
1502597.0,1.0,1.0,1.0,1.0,1.0
1506827.0,1.0,1.0,1.0,1.0,1.0
1545494.0,1.0,1.0,1.0,1.0,1.0
1554226.0,1.0,1.0,1.0,1.0,1.0
1560566.0,1.0,1.0,1.0,1.0,1.0
1569272.0,1.0,1.0,1.0,1.0,1.0
1575514.0,1.0,1.0,1.0,1.0,1.0
1579860.0,1.0,0.0,0.0,0.0,1.0
1579964.0,0.0,0.0,0.0,0.0,0.0
1580478.0,1.0,1.0,1.0,1.0,1.0
1580900.0,1.0,1.0,1.0,1.0,1.0
1583366.0,1.0,1.0,1.0,1.0,1.0
1592815.0,1.0,1.0,1.0,1.0,1.0
1597384.0,1.0,1.0,1.0,1.0,1.0
1604722.0,0.0,1.0,0.0,1.0,1.0
1611354.0,1.0,1.0,1.0,1.0,1.0
1621112.0,1.0,1.0,1.0,1.0,1.0
1624495.0,1.0,1.0,1.0,1.0,1.0
1647766.0,1.0,1.0,1.0,1.0,1.0
1693679.0,1.0,1.0,1.0,1.0,1.0
1722081.0,1.0,1.0,1.0,1.0,1.0
1726223.0,0.0,0.0,0.0,0.0,0.0
1726833.0,0.0,0.0,0.0,0.0,0.0
1734970.0,1.0,1.0,1.0,1.0,1.0
1740147.0,1.0,1.0,1.0,1.0,1.0
1746762.0,1.0,1.0,1.0,1.0,1.0
1765510.0,1.0,1.0,1.0,1.0,1.0
1774757.0,1.0,1.0,1.0,1.0,1.0
1776217.0,1.0,1.0,1.0,1.0,1.0
1790182.0,1.0,0.0,1.0,1.0,1.0
1808386.0,1.0,1.0,1.0,1.0,1.0
1833070.0,1.0,1.0,1.0,1.0,1.0
1836606.0,1.0,1.0,1.0,1.0,1.0
1853743.0,1.0,1.0,1.0,1.0,1.0
1857970.0,1.0,1.0,1.0,1.0,1.0
1860356.0,1.0,1.0,1.0,1.0,1.0
1866562.0,1.0,1.0,1.0,1.0,1.0
1866616.0,1.0,1.0,1.0,1.0,1.0
1867702.0,1.0,1.0,1.0,1.0,1.0
1877591.0,0.0,0.0,0.0,0.0,0.0
1878939.0,1.0,1.0,1.0,1.0,1.0
1893482.0,1.0,1.0,1.0,1.0,1.0
1899814.0,1.0,1.0,1.0,1.0,1.0
1910072.0,1.0,1.0,1.0,1.0,1.0
1920269.0,1.0,1.0,1.0,1.0,1.0
1927321.0,1.0,1.0,1.0,1.0,1.0
1928359.0,1.0,1.0,1.0,1.0,1.0
1928379.0,1.0,1.0,1.0,1.0,1.0
1928743.0,1.0,1.0,1.0,1.0,1.0
1932654.0,1.0,1.0,1.0,1.0,1.0
1933144.0,1.0,1.0,1.0,1.0,1.0
1935127.0,0.0,0.0,0.0,0.0,0.0
1948224.0,1.0,1.0,1.0,1.0,1.0
1961851.0,1.0,1.0,1.0,1.0,1.0
1971047.0,1.0,1.0,1.0,1.0,1.0
1983455.0,1.0,1.0,1.0,1.0,1.0
1984430.0,1.0,1.0,1.0,1.0,1.0
1988241.0,0.0,0.0,0.0,0.0,0.0
2001714.0,1.0,1.0,1.0,1.0,1.0
2018167.0,1.0,1.0,1.0,1.0,1.0
2022478.0,0.0,1.0,1.0,1.0,1.0
2027376.0,1.0,1.0,1.0,1.0,1.0
2029953.0,0.0,0.0,0.0,0.0,0.0
2035219.0,0.0,0.0,1.0,0.0,1.0
2040305.0,1.0,1.0,1.0,1.0,1.0
2059831.0,0.0,0.0,0.0,0.0,1.0
2064490.0,1.0,1.0,1.0,1.0,1.0
2065918.0,1.0,1.0,1.0,1.0,1.0
2074570.0,1.0,1.0,1.0,1.0,1.0
2087265.0,1.0,1.0,1.0,1.0,1.0
2091192.0,0.0,0.0,0.0,0.0,0.0
2106022.0,1.0,1.0,1.0,1.0,1.0
2110333.0,1.0,1.0,1.0,1.0,1.0
2121129.0,1.0,1.0,1.0,1.0,1.0
2124927.0,1.0,1.0,1.0,1.0,1.0
2129802.0,0.0,0.0,0.0,0.0,0.0
2143923.0,0.0,0.0,0.0,0.0,0.0
2147486.0,1.0,1.0,1.0,1.0,1.0
2148326.0,1.0,1.0,1.0,1.0,1.0
2151772.0,1.0,1.0,1.0,1.0,1.0
2154158.0,1.0,1.0,1.0,1.0,1.0
2201266.0,1.0,1.0,1.0,1.0,1.0
2215724.0,1.0,1.0,1.0,1.0,1.0
2219924.0,0.0,0.0,0.0,0.0,0.0
2230640.0,0.0,0.0,0.0,0.0,0.0
2237544.0,0.0,0.0,0.0,0.0,0.0
2247715.0,1.0,1.0,1.0,1.0,1.0
2253198.0,1.0,1.0,1.0,1.0,1.0
2255777.0,1.0,1.0,1.0,1.0,1.0
2263235.0,1.0,1.0,1.0,1.0,1.0
2276288.0,1.0,1.0,1.0,1.0,1.0
2291163.0,1.0,1.0,1.0,1.0,1.0
2291782.0,1.0,1.0,1.0,1.0,1.0
2295362.0,1.0,1.0,1.0,1.0,1.0
2298796.0,1.0,1.0,1.0,1.0,1.0
2302747.0,1.0,1.0,1.0,1.0,1.0
2304901.0,0.0,0.0,0.0,0.0,0.0
2308904.0,1.0,1.0,1.0,1.0,1.0
2321613.0,1.0,1.0,1.0,1.0,1.0
2327905.0,1.0,1.0,1.0,1.0,1.0
2341431.0,0.0,0.0,0.0,0.0,0.0
2361726.0,0.0,0.0,0.0,0.0,0.0
2362191.0,1.0,1.0,1.0,1.0,1.0
2370639.0,1.0,1.0,1.0,1.0,1.0
2376783.0,1.0,1.0,1.0,1.0,1.0
2383517.0,1.0,1.0,1.0,1.0,1.0
2400426.0,0.0,0.0,0.0,0.0,0.0
2400846.0,1.0,1.0,1.0,1.0,1.0
2410271.0,1.0,1.0,1.0,1.0,1.0
2436125.0,1.0,1.0,1.0,1.0,1.0
2449411.0,1.0,1.0,1.0,1.0,1.0
2465204.0,1.0,1.0,1.0,1.0,1.0
2467852.0,1.0,1.0,1.0,1.0,1.0
2477008.0,1.0,1.0,1.0,1.0,1.0
2484721.0,1.0,1.0,1.0,1.0,1.0
2485430.0,1.0,1.0,1.0,1.0,1.0
2485641.0,1.0,1.0,1.0,1.0,1.0
2491047.0,1.0,1.0,1.0,1.0,1.0
2493729.0,1.0,1.0,1.0,1.0,1.0
2498127.0,0.0,0.0,0.0,0.0,0.0
2504381.0,0.0,0.0,0.0,0.0,0.0
2505643.0,1.0,1.0,1.0,1.0,1.0
2509079.0,1.0,1.0,1.0,1.0,1.0
2516491.0,0.0,0.0,0.0,0.0,0.0
2526293.0,1.0,1.0,1.0,1.0,1.0
2532900.0,1.0,1.0,1.0,1.0,1.0
2536398.0,1.0,1.0,1.0,1.0,1.0
2539311.0,1.0,1.0,1.0,1.0,1.0
2562121.0,1.0,1.0,1.0,1.0,1.0
2563885.0,1.0,1.0,1.0,1.0,1.0
2577071.0,0.0,0.0,0.0,0.0,0.0
2610775.0,1.0,1.0,1.0,1.0,1.0
2614057.0,0.0,0.0,0.0,0.0,0.0
2642479.0,1.0,1.0,1.0,1.0,1.0
2663351.0,1.0,1.0,1.0,1.0,1.0
2698761.0,1.0,1.0,1.0,1.0,1.0
2709491.0,1.0,1.0,1.0,1.0,1.0
2712841.0,0.0,1.0,1.0,1.0,1.0
2739646.0,1.0,0.0,0.0,0.0,1.0
2757781.0,1.0,1.0,1.0,1.0,1.0
2780055.0,0.0,0.0,0.0,0.0,0.0
2788861.0,0.0,0.0,0.0,0.0,0.0
2802516.0,1.0,1.0,1.0,1.0,1.0
2811341.0,1.0,1.0,1.0,1.0,1.0
2818659.0,1.0,1.0,1.0,1.0,1.0
2845027.0,1.0,1.0,1.0,1.0,1.0
2850601.0,1.0,1.0,1.0,1.0,1.0
2853664.0,1.0,1.0,1.0,1.0,1.0
2857424.0,1.0,1.0,1.0,1.0,1.0
2858877.0,1.0,1.0,1.0,1.0,1.0
2859464.0,1.0,1.0,1.0,1.0,1.0
2878661.0,1.0,1.0,1.0,1.0,1.0
2883844.0,1.0,1.0,1.0,1.0,1.0
2894591.0,0.0,0.0,0.0,0.0,0.0
2935656.0,0.0,0.0,0.0,0.0,0.0
2939762.0,1.0,1.0,1.0,1.0,1.0
2939773.0,1.0,1.0,1.0,1.0,1.0
2941504.0,1.0,1.0,1.0,1.0,1.0
2952165.0,1.0,1.0,1.0,1.0,1.0
2958371.0,1.0,1.0,1.0,1.0,1.0
2964297.0,1.0,1.0,1.0,1.0,1.0
2966623.0,1.0,1.0,1.0,1.0,1.0
3001507.0,1.0,1.0,1.0,1.0,1.0
3004751.0,0.0,0.0,0.0,0.0,0.0
3064124.0,0.0,0.0,0.0,0.0,0.0
3072692.0,1.0,1.0,1.0,1.0,1.0
3082440.0,1.0,0.0,0.0,1.0,1.0
3085890.0,1.0,1.0,1.0,1.0,1.0
3094004.0,0.0,0.0,0.0,0.0,0.0
3102201.0,1.0,1.0,1.0,1.0,1.0
3120173.0,1.0,1.0,1.0,1.0,1.0
3127657.0,0.0,0.0,0.0,0.0,0.0
3133795.0,0.0,0.0,0.0,0.0,0.0
3137156.0,1.0,1.0,1.0,1.0,1.0
3146883.0,1.0,1.0,1.0,1.0,1.0
3149126.0,1.0,1.0,1.0,1.0,1.0
3171182.0,1.0,1.0,1.0,1.0,1.0
3182767.0,0.0,0.0,0.0,0.0,0.0
3190850.0,1.0,1.0,1.0,1.0,1.0
3196245.0,0.0,0.0,0.0,0.0,0.0
3198158.0,1.0,1.0,1.0,1.0,1.0
3208564.0,1.0,1.0,1.0,1.0,1.0
3224083.0,0.0,0.0,0.0,0.0,0.0
3233906.0,1.0,1.0,1.0,1.0,1.0
3236355.0,1.0,1.0,1.0,1.0,1.0
3255068.0,1.0,1.0,1.0,1.0,1.0
3258448.0,1.0,1.0,1.0,1.0,1.0
3260946.0,0.0,0.0,0.0,0.0,0.0
3277936.0,1.0,1.0,1.0,1.0,1.0
3277971.0,1.0,1.0,1.0,1.0,1.0
3278213.0,1.0,1.0,1.0,1.0,1.0
3288728.0,1.0,1.0,1.0,1.0,1.0
3294673.0,1.0,1.0,1.0,1.0,1.0
3336156.0,1.0,1.0,1.0,1.0,1.0
3336505.0,1.0,1.0,1.0,1.0,1.0
3351890.0,1.0,1.0,1.0,1.0,1.0
3353477.0,1.0,1.0,1.0,1.0,1.0
3360762.0,1.0,1.0,1.0,1.0,1.0
3361749.0,1.0,1.0,1.0,1.0,1.0
3363777.0,1.0,1.0,1.0,1.0,1.0
3373024.0,1.0,1.0,1.0,1.0,1.0
3376629.0,0.0,0.0,0.0,0.0,0.0
3378417.0,1.0,1.0,1.0,1.0,1.0
3383510.0,1.0,1.0,1.0,1.0,1.0
3387284.0,1.0,1.0,1.0,1.0,1.0
3396253.0,1.0,1.0,1.0,1.0,1.0
3403995.0,1.0,1.0,1.0,1.0,1.0
3414086.0,1.0,1.0,1.0,1.0,1.0
3431683.0,1.0,1.0,1.0,1.0,1.0
3436513.0,1.0,1.0,1.0,1.0,1.0
3437962.0,1.0,1.0,1.0,1.0,1.0
3438447.0,1.0,1.0,1.0,1.0,1.0
3453701.0,0.0,1.0,1.0,1.0,1.0
3482135.0,0.0,0.0,1.0,1.0,1.0
3482278.0,1.0,1.0,1.0,1.0,1.0
3491111.0,0.0,0.0,0.0,0.0,1.0
3562769.0,1.0,1.0,1.0,1.0,1.0
3663191.0,1.0,1.0,1.0,1.0,1.0
3683648.0,1.0,1.0,1.0,1.0,1.0
3715110.0,0.0,0.0,0.0,0.0,0.0
3717255.0,1.0,1.0,1.0,1.0,1.0
3728896.0,1.0,1.0,1.0,1.0,1.0
3732514.0,1.0,1.0,1.0,1.0,1.0
3734644.0,0.0,0.0,0.0,0.0,0.0
3758095.0,1.0,1.0,1.0,1.0,1.0
3770651.0,1.0,1.0,1.0,1.0,1.0
3792543.0,1.0,1.0,1.0,1.0,1.0
3799239.0,1.0,1.0,1.0,1.0,1.0
3805775.0,1.0,1.0,1.0,1.0,1.0
3818934.0,0.0,0.0,0.0,0.0,0.0
3853484.0,1.0,1.0,1.0,1.0,1.0
3856600.0,1.0,1.0,1.0,1.0,1.0
3866296.0,1.0,1.0,1.0,1.0,1.0
3868285.0,1.0,1.0,1.0,1.0,1.0
3872235.0,1.0,1.0,1.0,1.0,1.0
3894214.0,1.0,1.0,1.0,1.0,1.0
3908803.0,1.0,1.0,1.0,1.0,1.0
3923561.0,1.0,1.0,1.0,1.0,1.0
3957591.0,1.0,1.0,1.0,1.0,1.0
3958281.0,1.0,1.0,1.0,1.0,1.0
3972423.0,1.0,1.0,1.0,1.0,1.0
3979137.0,1.0,1.0,1.0,1.0,1.0
3981310.0,1.0,1.0,1.0,1.0,1.0
3991841.0,1.0,1.0,1.0,1.0,1.0
4001144.0,1.0,1.0,1.0,1.0,1.0
4001244.0,0.0,0.0,0.0,0.0,0.0
4020396.0,0.0,0.0,0.0,0.0,0.0
4080722.0,1.0,1.0,1.0,1.0,1.0
4100002.0,1.0,1.0,1.0,1.0,1.0
4113569.0,1.0,1.0,1.0,1.0,1.0
4127005.0,1.0,1.0,1.0,1.0,1.0
4164421.0,1.0,1.0,1.0,1.0,1.0
4166527.0,0.0,0.0,0.0,0.0,0.0
4210801.0,1.0,1.0,1.0,1.0,1.0
4216920.0,0.0,0.0,0.0,0.0,0.0
4227587.0,1.0,1.0,1.0,1.0,1.0
4285886.0,1.0,1.0,1.0,1.0,1.0
4289713.0,0.0,0.0,0.0,0.0,0.0
4311386.0,0.0,0.0,0.0,0.0,0.0
4334224.0,1.0,1.0,1.0,1.0,1.0
4380748.0,1.0,1.0,1.0,1.0,1.0
4382806.0,1.0,1.0,1.0,1.0,1.0
4386399.0,1.0,1.0,1.0,1.0,1.0
4398224.0,1.0,1.0,1.0,1.0,1.0
4401853.0,1.0,1.0,1.0,1.0,1.0
4406811.0,1.0,1.0,1.0,1.0,1.0
4439615.0,1.0,1.0,1.0,1.0,1.0
4447989.0,1.0,1.0,1.0,1.0,1.0
4464800.0,0.0,0.0,0.0,0.0,0.0
4487271.0,0.0,0.0,0.0,0.0,0.0
4493798.0,1.0,1.0,1.0,1.0,1.0
4497090.0,1.0,1.0,1.0,1.0,1.0
4509756.0,1.0,1.0,1.0,1.0,1.0
4516586.0,1.0,1.0,1.0,1.0,1.0
4535191.0,0.0,0.0,0.0,0.0,0.0
4537999.0,1.0,1.0,1.0,1.0,1.0
4549635.0,1.0,1.0,1.0,1.0,1.0
4560392.0,1.0,1.0,1.0,1.0,1.0
4563499.0,1.0,1.0,1.0,1.0,1.0
4600917.0,1.0,1.0,1.0,1.0,1.0
4601583.0,0.0,0.0,0.0,0.0,0.0
4607991.0,1.0,1.0,1.0,1.0,1.0
4610692.0,1.0,1.0,1.0,1.0,1.0
4642192.0,1.0,1.0,1.0,1.0,1.0
4645504.0,0.0,0.0,0.0,0.0,1.0
4661816.0,1.0,1.0,1.0,1.0,1.0
4693775.0,0.0,0.0,0.0,0.0,1.0
4707654.0,1.0,1.0,1.0,1.0,1.0
4708417.0,1.0,1.0,1.0,1.0,1.0
4714139.0,0.0,0.0,0.0,0.0,0.0
4732849.0,1.0,1.0,1.0,1.0,1.0
4734933.0,1.0,1.0,1.0,1.0,1.0
4746134.0,1.0,1.0,1.0,1.0,1.0
4762717.0,1.0,1.0,1.0,1.0,1.0
4781516.0,1.0,1.0,1.0,1.0,1.0
4785558.0,0.0,0.0,0.0,0.0,0.0
4791199.0,1.0,1.0,1.0,1.0,1.0
4815933.0,0.0,0.0,0.0,0.0,1.0
4832582.0,1.0,1.0,1.0,1.0,1.0
4836009.0,0.0,0.0,0.0,0.0,0.0
4836656.0,0.0,0.0,0.0,0.0,0.0
4869579.0,1.0,1.0,1.0,1.0,1.0
4888072.0,1.0,1.0,1.0,1.0,1.0
4897308.0,1.0,1.0,1.0,1.0,1.0
4897883.0,1.0,1.0,1.0,1.0,1.0
4907002.0,1.0,1.0,1.0,1.0,1.0
4916521.0,1.0,1.0,1.0,1.0,1.0
4917760.0,1.0,1.0,1.0,1.0,1.0
4918199.0,1.0,1.0,1.0,1.0,1.0
4929029.0,0.0,0.0,0.0,0.0,0.0
4934660.0,1.0,1.0,1.0,1.0,1.0
4945498.0,1.0,1.0,1.0,1.0,1.0
4950379.0,1.0,1.0,1.0,1.0,1.0
4951383.0,1.0,1.0,1.0,1.0,1.0
4987062.0,1.0,1.0,1.0,1.0,1.0
4995071.0,1.0,1.0,1.0,1.0,1.0
4995900.0,1.0,1.0,1.0,1.0,1.0
5002544.0,1.0,1.0,1.0,1.0,1.0
5024169.0,1.0,1.0,1.0,1.0,1.0
5029680.0,1.0,1.0,0.0,1.0,1.0
5041121.0,1.0,1.0,1.0,1.0,1.0
5045894.0,1.0,1.0,1.0,1.0,1.0
5047053.0,1.0,1.0,1.0,1.0,1.0
5094892.0,1.0,1.0,1.0,1.0,1.0
5116014.0,1.0,1.0,1.0,1.0,1.0
5179503.0,1.0,1.0,1.0,1.0,1.0
5181978.0,1.0,1.0,1.0,1.0,1.0
5242923.0,1.0,1.0,1.0,1.0,1.0
5247308.0,1.0,1.0,1.0,1.0,1.0
5247352.0,1.0,1.0,1.0,1.0,1.0
5263529.0,1.0,1.0,1.0,1.0,1.0
5271868.0,1.0,1.0,1.0,1.0,1.0
5312877.0,1.0,1.0,1.0,1.0,1.0
5340164.0,1.0,1.0,1.0,1.0,1.0
5343907.0,1.0,1.0,1.0,1.0,1.0
5350114.0,1.0,1.0,1.0,1.0,1.0
5350128.0,1.0,1.0,1.0,1.0,1.0
5350489.0,1.0,1.0,1.0,1.0,1.0
5355382.0,1.0,1.0,1.0,1.0,1.0
5356404.0,1.0,1.0,1.0,1.0,1.0
5367425.0,1.0,1.0,1.0,1.0,1.0
5402325.0,1.0,1.0,1.0,1.0,1.0
5413805.0,1.0,1.0,1.0,1.0,1.0
5436495.0,1.0,1.0,1.0,1.0,1.0
5487136.0,1.0,1.0,1.0,1.0,1.0
5555917.0,1.0,1.0,1.0,1.0,1.0
5560173.0,1.0,1.0,1.0,1.0,1.0
5564358.0,1.0,1.0,1.0,1.0,1.0
5595495.0,1.0,1.0,1.0,1.0,1.0
5608665.0,1.0,1.0,1.0,1.0,1.0
5619099.0,1.0,1.0,1.0,1.0,1.0
5621565.0,1.0,1.0,1.0,1.0,1.0
5647410.0,0.0,0.0,0.0,0.0,0.0
5666453.0,0.0,0.0,0.0,0.0,0.0
5700198.0,1.0,1.0,1.0,1.0,1.0
5716212.0,1.0,1.0,1.0,1.0,1.0
5729549.0,1.0,1.0,1.0,1.0,1.0
5763613.0,1.0,1.0,1.0,1.0,1.0
5806971.0,1.0,1.0,1.0,1.0,1.0
5819994.0,1.0,1.0,1.0,1.0,1.0
5823919.0,1.0,1.0,1.0,1.0,1.0
5826880.0,1.0,1.0,1.0,1.0,1.0
5837008.0,1.0,1.0,1.0,1.0,1.0
5841564.0,1.0,1.0,1.0,1.0,1.0
5844784.0,0.0,0.0,0.0,0.0,0.0
5857465.0,1.0,1.0,1.0,1.0,1.0
5860411.0,1.0,1.0,1.0,1.0,1.0
5867895.0,1.0,1.0,1.0,1.0,1.0
5892514.0,1.0,1.0,1.0,1.0,1.0
5893315.0,0.0,0.0,0.0,0.0,1.0
5915395.0,1.0,1.0,1.0,1.0,1.0
5929030.0,1.0,1.0,1.0,1.0,1.0
5945982.0,1.0,1.0,1.0,1.0,1.0
5979646.0,1.0,1.0,1.0,1.0,1.0
5986776.0,1.0,1.0,1.0,1.0,1.0
5988040.0,1.0,1.0,1.0,1.0,1.0
6000947.0,1.0,1.0,1.0,1.0,1.0
6055110.0,1.0,1.0,1.0,1.0,1.0
6057959.0,1.0,1.0,1.0,1.0,1.0
6066501.0,1.0,1.0,1.0,1.0,1.0
6088411.0,1.0,1.0,1.0,1.0,1.0
6092603.0,1.0,1.0,1.0,1.0,1.0
6100067.0,1.0,1.0,1.0,1.0,1.0
6100639.0,1.0,1.0,1.0,1.0,1.0
6108945.0,1.0,1.0,1.0,1.0,1.0
6144863.0,1.0,1.0,1.0,1.0,1.0
6152801.0,1.0,1.0,1.0,1.0,1.0
6153861.0,1.0,1.0,1.0,1.0,1.0
6158757.0,0.0,0.0,0.0,0.0,0.0
6165326.0,1.0,0.0,0.0,1.0,1.0
6263040.0,1.0,1.0,1.0,1.0,1.0
6273455.0,1.0,1.0,1.0,1.0,1.0
6288925.0,1.0,1.0,1.0,1.0,1.0
6310857.0,0.0,0.0,0.0,0.0,0.0
6321006.0,0.0,0.0,0.0,0.0,0.0
6345785.0,1.0,1.0,1.0,1.0,1.0
6373318.0,1.0,1.0,1.0,1.0,1.0
6397296.0,1.0,1.0,1.0,1.0,1.0
6406511.0,1.0,1.0,1.0,1.0,1.0
6415317.0,1.0,1.0,1.0,1.0,1.0
6448173.0,1.0,1.0,1.0,1.0,1.0
6449795.0,1.0,1.0,1.0,1.0,1.0
6451822.0,1.0,1.0,1.0,1.0,1.0
6494421.0,1.0,1.0,1.0,1.0,1.0
6497851.0,1.0,1.0,1.0,1.0,1.0
6514313.0,1.0,1.0,1.0,1.0,1.0
6520901.0,1.0,1.0,1.0,1.0,1.0
6579478.0,1.0,1.0,1.0,1.0,1.0
6585813.0,1.0,1.0,1.0,1.0,1.0
6595678.0,1.0,1.0,1.0,1.0,1.0
6609831.0,1.0,1.0,1.0,1.0,1.0
6635132.0,0.0,0.0,0.0,0.0,0.0
6674414.0,1.0,1.0,1.0,1.0,1.0
6695781.0,1.0,1.0,1.0,1.0,1.0
6716984.0,1.0,1.0,1.0,1.0,1.0
6732253.0,1.0,1.0,1.0,1.0,1.0
6765405.0,1.0,1.0,1.0,1.0,1.0
6777327.0,1.0,1.0,1.0,1.0,1.0
6800892.0,1.0,1.0,1.0,1.0,1.0
6802122.0,1.0,1.0,1.0,1.0,1.0
6866322.0,0.0,0.0,0.0,0.0,1.0
6904767.0,0.0,0.0,0.0,0.0,0.0
6942767.0,1.0,1.0,1.0,1.0,1.0
6944337.0,1.0,1.0,1.0,1.0,1.0
6987335.0,1.0,1.0,1.0,1.0,1.0
7034647.0,1.0,1.0,1.0,1.0,1.0
7058619.0,1.0,1.0,1.0,1.0,1.0
7085311.0,1.0,1.0,1.0,1.0,1.0
7103239.0,1.0,1.0,1.0,1.0,1.0
7117111.0,0.0,0.0,0.0,0.0,0.0
7188457.0,1.0,1.0,1.0,1.0,1.0
7197525.0,1.0,1.0,1.0,1.0,1.0
7210456.0,0.0,0.0,0.0,0.0,0.0
7221945.0,1.0,1.0,1.0,1.0,1.0
7225087.0,1.0,1.0,1.0,1.0,1.0
7225497.0,1.0,1.0,1.0,1.0,1.0
7299633.0,1.0,1.0,1.0,1.0,1.0
7307830.0,1.0,1.0,1.0,1.0,1.0
7312797.0,1.0,1.0,1.0,1.0,1.0
7397285.0,1.0,1.0,1.0,1.0,1.0
7409506.0,1.0,1.0,1.0,1.0,1.0
7414416.0,1.0,1.0,1.0,1.0,1.0
7419617.0,1.0,1.0,1.0,1.0,1.0
7479318.0,1.0,1.0,1.0,1.0,1.0
7536867.0,1.0,1.0,1.0,1.0,1.0
7540352.0,1.0,1.0,1.0,1.0,1.0
7542893.0,1.0,1.0,1.0,1.0,1.0
7578635.0,1.0,1.0,1.0,1.0,1.0
7590006.0,1.0,1.0,1.0,1.0,1.0
7636419.0,0.0,0.0,0.0,0.0,0.0
7644366.0,0.0,0.0,0.0,0.0,0.0
7647432.0,1.0,1.0,1.0,1.0,1.0
7679518.0,1.0,1.0,1.0,1.0,1.0
7718663.0,1.0,1.0,1.0,1.0,1.0
7724228.0,1.0,1.0,1.0,1.0,1.0
7751180.0,1.0,1.0,1.0,1.0,1.0
7783928.0,1.0,1.0,1.0,1.0,1.0
7797616.0,1.0,1.0,1.0,1.0,1.0
7816172.0,1.0,1.0,1.0,1.0,1.0
7819322.0,1.0,1.0,1.0,1.0,1.0
7827659.0,1.0,1.0,1.0,1.0,1.0
7877752.0,1.0,1.0,1.0,1.0,1.0
7879758.0,1.0,1.0,1.0,1.0,1.0
7884018.0,1.0,1.0,1.0,1.0,1.0
7884030.0,1.0,1.0,1.0,1.0,1.0
7884357.0,0.0,0.0,0.0,0.0,1.0
7890503.0,1.0,1.0,1.0,1.0,1.0
7901166.0,1.0,1.0,1.0,1.0,1.0
7909796.0,1.0,1.0,1.0,1.0,1.0
7929539.0,1.0,1.0,1.0,1.0,1.0
7931581.0,1.0,1.0,1.0,1.0,1.0
7938158.0,0.0,0.0,0.0,0.0,0.0
7941583.0,0.0,0.0,0.0,0.0,0.0
7953969.0,1.0,1.0,1.0,1.0,1.0
7963417.0,1.0,1.0,1.0,1.0,1.0
7966336.0,1.0,1.0,1.0,1.0,1.0
7967781.0,0.0,0.0,0.0,0.0,0.0
7980884.0,0.0,0.0,0.0,0.0,0.0
7999743.0,1.0,1.0,1.0,1.0,1.0
8010435.0,1.0,1.0,1.0,1.0,1.0
8013782.0,1.0,1.0,1.0,1.0,1.0
8019320.0,0.0,0.0,0.0,0.0,0.0
8033803.0,1.0,1.0,1.0,1.0,1.0
8057089.0,1.0,1.0,1.0,1.0,1.0
8061621.0,1.0,1.0,1.0,1.0,1.0
8075583.0,1.0,1.0,1.0,1.0,1.0
8096631.0,1.0,1.0,1.0,1.0,1.0
8100311.0,1.0,1.0,1.0,1.0,1.0
8112771.0,1.0,1.0,1.0,1.0,1.0
8135059.0,1.0,1.0,1.0,1.0,1.0
8138817.0,1.0,1.0,1.0,1.0,1.0
8151071.0,1.0,1.0,1.0,1.0,1.0
8154320.0,0.0,0.0,0.0,0.0,0.0
8155774.0,1.0,1.0,1.0,1.0,1.0
8180467.0,1.0,1.0,1.0,1.0,1.0
8201976.0,1.0,1.0,1.0,1.0,1.0
8204623.0,1.0,1.0,1.0,1.0,1.0
8218010.0,1.0,1.0,1.0,1.0,1.0
8222908.0,1.0,1.0,1.0,1.0,1.0
8235264.0,1.0,1.0,1.0,1.0,1.0
8241680.0,1.0,1.0,1.0,1.0,1.0
8260791.0,1.0,1.0,1.0,1.0,1.0
8271338.0,1.0,1.0,1.0,1.0,1.0
8274483.0,1.0,1.0,1.0,1.0,1.0
8301835.0,1.0,1.0,1.0,1.0,1.0
8314834.0,1.0,1.0,1.0,1.0,1.0
8315345.0,1.0,1.0,1.0,1.0,1.0
8315619.0,1.0,1.0,1.0,1.0,1.0
8326869.0,1.0,1.0,1.0,1.0,1.0
8328830.0,1.0,1.0,1.0,1.0,1.0
8331588.0,0.0,0.0,0.0,0.0,0.0
8340410.0,1.0,1.0,1.0,1.0,1.0
8346212.0,1.0,1.0,1.0,1.0,1.0
8348212.0,1.0,1.0,1.0,1.0,1.0
8350366.0,1.0,1.0,1.0,1.0,1.0
8353991.0,1.0,1.0,1.0,1.0,1.0
8377079.0,0.0,0.0,0.0,0.0,0.0
8385685.0,1.0,1.0,1.0,1.0,1.0
8386957.0,1.0,1.0,1.0,1.0,1.0
8389938.0,1.0,1.0,1.0,1.0,1.0
8394046.0,1.0,1.0,1.0,1.0,1.0
8425662.0,1.0,1.0,1.0,1.0,1.0
8432856.0,1.0,1.0,1.0,1.0,1.0
8487980.0,1.0,1.0,1.0,1.0,1.0
8519989.0,0.0,0.0,0.0,0.0,0.0
8531585.0,1.0,1.0,1.0,1.0,1.0
8537528.0,0.0,0.0,0.0,0.0,0.0
8542632.0,1.0,1.0,1.0,1.0,1.0
8543122.0,1.0,1.0,1.0,1.0,1.0
8545443.0,1.0,1.0,1.0,1.0,1.0
8547509.0,1.0,1.0,1.0,1.0,1.0
8554407.0,1.0,1.0,1.0,1.0,1.0
8555003.0,1.0,1.0,1.0,1.0,1.0
8568301.0,0.0,0.0,0.0,0.0,0.0
8572309.0,0.0,0.0,0.0,0.0,0.0
8579866.0,1.0,1.0,1.0,1.0,1.0
8580733.0,1.0,1.0,1.0,1.0,1.0
8582833.0,1.0,1.0,1.0,1.0,1.0
8586921.0,1.0,1.0,1.0,1.0,1.0
8603005.0,1.0,1.0,1.0,1.0,1.0
8613126.0,1.0,1.0,1.0,1.0,1.0
8622578.0,1.0,1.0,1.0,1.0,1.0
8653401.0,1.0,1.0,1.0,1.0,1.0
8657953.0,1.0,1.0,1.0,1.0,1.0
8687263.0,1.0,1.0,1.0,1.0,1.0
8691752.0,1.0,1.0,1.0,1.0,1.0
8706213.0,1.0,1.0,1.0,1.0,1.0
8722623.0,0.0,0.0,0.0,0.0,1.0
8800917.0,1.0,1.0,0.0,0.0,1.0
8801840.0,1.0,1.0,1.0,1.0,1.0
8804711.0,1.0,1.0,1.0,1.0,1.0
8809496.0,1.0,1.0,1.0,1.0,1.0
8826630.0,1.0,1.0,1.0,1.0,1.0
8830379.0,1.0,1.0,1.0,1.0,1.0
8890194.0,1.0,1.0,1.0,1.0,1.0
8905038.0,1.0,1.0,1.0,1.0,1.0
8907894.0,1.0,1.0,1.0,1.0,1.0
8943291.0,1.0,1.0,1.0,1.0,1.0
8961721.0,1.0,1.0,1.0,1.0,1.0
8978531.0,1.0,1.0,1.0,1.0,1.0
8980664.0,0.0,0.0,0.0,0.0,0.0
8992483.0,1.0,1.0,1.0,1.0,1.0
9100788.0,1.0,1.0,1.0,1.0,1.0
9126345.0,1.0,1.0,1.0,1.0,1.0
9128109.0,1.0,1.0,1.0,1.0,1.0
9131352.0,1.0,1.0,1.0,1.0,1.0
9133517.0,1.0,1.0,1.0,1.0,1.0
9138141.0,1.0,1.0,1.0,1.0,1.0
9152361.0,1.0,1.0,1.0,1.0,1.0
9155032.0,1.0,1.0,1.0,1.0,1.0
9158988.0,0.0,1.0,1.0,1.0,1.0
9161320.0,1.0,1.0,1.0,1.0,1.0
9219197.0,0.0,0.0,0.0,0.0,0.0
9220590.0,1.0,1.0,1.0,1.0,1.0
9227172.0,1.0,1.0,1.0,1.0,1.0
9241927.0,0.0,0.0,0.0,1.0,1.0
9278211.0,1.0,1.0,1.0,1.0,1.0
9297196.0,1.0,1.0,1.0,1.0,1.0
9345705.0,1.0,1.0,1.0,1.0,1.0
9526453.0,1.0,1.0,1.0,1.0,1.0
9538885.0,1.0,1.0,1.0,1.0,1.0
9571564.0,1.0,1.0,1.0,1.0,1.0
9834527.0,1.0,1.0,1.0,1.0,1.0
9891305.0,1.0,1.0,1.0,1.0,1.0
9892264.0,0.0,0.0,0.0,0.0,0.0
9898980.0,1.0,1.0,1.0,1.0,1.0
9944383.0,1.0,1.0,1.0,1.0,1.0
9997966.0,1.0,1.0,1.0,1.0,1.0
10031335.0,1.0,1.0,1.0,1.0,1.0
10036038.0,1.0,1.0,1.0,1.0,1.0
10056497.0,0.0,0.0,0.0,0.0,0.0
10073475.0,1.0,1.0,1.0,1.0,1.0
10089763.0,0.0,0.0,0.0,0.0,0.0
10139101.0,0.0,0.0,0.0,0.0,1.0
10164007.0,1.0,1.0,1.0,1.0,1.0
10233269.0,1.0,1.0,1.0,1.0,1.0
10240149.0,1.0,1.0,1.0,1.0,1.0
10245004.0,0.0,0.0,0.0,0.0,0.0
10254437.0,1.0,1.0,1.0,1.0,1.0
10279794.0,1.0,1.0,1.0,1.0,1.0
10302374.0,1.0,1.0,1.0,1.0,1.0
10399826.0,1.0,1.0,1.0,1.0,1.0
10438002.0,1.0,1.0,1.0,1.0,1.0
10479588.0,1.0,1.0,1.0,1.0,1.0
10504284.0,1.0,1.0,1.0,1.0,1.0
10505196.0,1.0,1.0,1.0,1.0,1.0
10546895.0,1.0,1.0,1.0,1.0,1.0
10551026.0,1.0,1.0,1.0,1.0,1.0
10569035.0,1.0,1.0,1.0,1.0,1.0
10703995.0,1.0,1.0,1.0,1.0,1.0
10739907.0,1.0,1.0,1.0,1.0,1.0
10758355.0,1.0,1.0,1.0,1.0,1.0
10810472.0,1.0,1.0,1.0,1.0,1.0
10820208.0,1.0,1.0,1.0,1.0,1.0
10867744.0,1.0,1.0,1.0,1.0,1.0
10922408.0,1.0,1.0,1.0,1.0,1.0
10966601.0,1.0,1.0,1.0,1.0,1.0
10979462.0,1.0,1.0,1.0,1.0,1.0
11071239.0,0.0,0.0,0.0,0.0,0.0
11099633.0,1.0,1.0,1.0,1.0,1.0
11107913.0,0.0,0.0,0.0,0.0,0.0
11108965.0,1.0,1.0,1.0,1.0,1.0
11153598.0,1.0,1.0,1.0,1.0,1.0
11154115.0,1.0,1.0,1.0,1.0,1.0
11170621.0,1.0,1.0,1.0,1.0,1.0
11186275.0,1.0,1.0,1.0,1.0,1.0
11231054.0,1.0,1.0,1.0,1.0,1.0
11232358.0,1.0,1.0,1.0,1.0,1.0
11265074.0,1.0,1.0,1.0,1.0,1.0
11266075.0,1.0,1.0,1.0,1.0,1.0
11276452.0,0.0,0.0,0.0,0.0,0.0
11293134.0,0.0,0.0,0.0,0.0,0.0
11308782.0,0.0,0.0,1.0,0.0,1.0
11317246.0,0.0,0.0,0.0,0.0,0.0
11334521.0,0.0,0.0,0.0,0.0,0.0
11372349.0,1.0,1.0,1.0,1.0,1.0
11387261.0,1.0,1.0,1.0,1.0,1.0
11390921.0,1.0,1.0,1.0,1.0,1.0
11394775.0,1.0,1.0,1.0,1.0,1.0
11403095.0,1.0,1.0,1.0,1.0,1.0
11417199.0,1.0,1.0,1.0,1.0,1.0
11421058.0,1.0,1.0,1.0,1.0,1.0
11441705.0,1.0,1.0,1.0,1.0,1.0
11464688.0,1.0,1.0,1.0,1.0,1.0
11478119.0,0.0,0.0,0.0,0.0,0.0
11502942.0,1.0,1.0,1.0,1.0,1.0
11517244.0,1.0,1.0,1.0,1.0,1.0
11538964.0,1.0,1.0,1.0,1.0,1.0
11546955.0,1.0,1.0,1.0,1.0,1.0
11560877.0,1.0,1.0,1.0,1.0,1.0
11566138.0,0.0,0.0,0.0,0.0,0.0
11575561.0,1.0,1.0,1.0,1.0,1.0
11579850.0,1.0,1.0,1.0,1.0,1.0
11582795.0,0.0,0.0,0.0,0.0,0.0
11608037.0,1.0,1.0,1.0,1.0,1.0
11609235.0,1.0,1.0,1.0,1.0,1.0
11620222.0,1.0,1.0,1.0,1.0,1.0
11636973.0,1.0,1.0,1.0,1.0,1.0
11644075.0,1.0,1.0,1.0,1.0,1.0
11659793.0,1.0,1.0,1.0,1.0,1.0
11664802.0,1.0,1.0,1.0,1.0,1.0
11677456.0,1.0,1.0,1.0,1.0,1.0
11690050.0,0.0,0.0,0.0,0.0,0.0
11708811.0,0.0,0.0,0.0,0.0,0.0
11722782.0,1.0,1.0,1.0,1.0,1.0
11737907.0,1.0,1.0,1.0,1.0,1.0
11752321.0,1.0,1.0,1.0,1.0,1.0
11803742.0,1.0,1.0,1.0,1.0,1.0
11812694.0,1.0,1.0,1.0,1.0,1.0
11813632.0,0.0,0.0,0.0,0.0,1.0
11818839.0,1.0,1.0,1.0,1.0,1.0
11835010.0,1.0,1.0,1.0,1.0,1.0
11837510.0,1.0,1.0,1.0,1.0,1.0
11882128.0,1.0,1.0,1.0,1.0,1.0
11898108.0,1.0,1.0,1.0,1.0,1.0
11912889.0,0.0,0.0,0.0,0.0,0.0
11919022.0,0.0,0.0,0.0,0.0,0.0
11919089.0,1.0,1.0,1.0,1.0,1.0
11923406.0,0.0,0.0,0.0,0.0,0.0
11930168.0,1.0,1.0,1.0,1.0,1.0
11935022.0,1.0,1.0,1.0,1.0,1.0
11939552.0,1.0,1.0,1.0,1.0,1.0
11987582.0,1.0,1.0,1.0,1.0,1.0
12006760.0,1.0,1.0,1.0,1.0,1.0
12018509.0,1.0,1.0,1.0,1.0,1.0
12032221.0,1.0,1.0,1.0,1.0,1.0
12051048.0,1.0,1.0,1.0,1.0,1.0
12055273.0,1.0,1.0,1.0,1.0,1.0
12072346.0,1.0,1.0,1.0,1.0,1.0
12075727.0,1.0,1.0,1.0,1.0,1.0
12077003.0,1.0,1.0,1.0,1.0,1.0
12077976.0,1.0,1.0,1.0,1.0,1.0
12115600.0,1.0,1.0,1.0,1.0,1.0
12138203.0,1.0,1.0,1.0,1.0,1.0
12144609.0,1.0,1.0,1.0,1.0,1.0
12145221.0,1.0,1.0,1.0,1.0,1.0
12153492.0,1.0,1.0,1.0,1.0,1.0
12208899.0,1.0,1.0,1.0,1.0,1.0
12229577.0,1.0,1.0,1.0,1.0,1.0
12247704.0,1.0,1.0,1.0,1.0,1.0
12249442.0,1.0,1.0,1.0,1.0,1.0
12267872.0,1.0,1.0,1.0,1.0,1.0
12270626.0,0.0,1.0,0.0,0.0,1.0
12310415.0,1.0,1.0,1.0,1.0,1.0
12317324.0,1.0,1.0,1.0,1.0,1.0
12328020.0,1.0,1.0,1.0,1.0,1.0
12344667.0,0.0,0.0,0.0,0.0,0.0
12360085.0,1.0,1.0,1.0,1.0,1.0
12379583.0,1.0,1.0,1.0,1.0,1.0
12380473.0,0.0,0.0,0.0,0.0,0.0
12382517.0,0.0,0.0,0.0,0.0,0.0
12421610.0,0.0,0.0,0.0,0.0,0.0
12436781.0,1.0,1.0,1.0,1.0,1.0
12437785.0,1.0,1.0,0.0,1.0,1.0
12437885.0,1.0,1.0,1.0,1.0,1.0
12466408.0,1.0,1.0,1.0,1.0,1.0
12513783.0,1.0,1.0,1.0,1.0,1.0
12516150.0,1.0,1.0,1.0,1.0,1.0
12525110.0,1.0,1.0,1.0,1.0,1.0
12530649.0,1.0,1.0,1.0,1.0,1.0
12540747.0,1.0,1.0,1.0,1.0,1.0
12541104.0,1.0,1.0,1.0,1.0,1.0
12546855.0,1.0,1.0,1.0,1.0,1.0
12573483.0,0.0,0.0,0.0,0.0,0.0
12580952.0,1.0,1.0,1.0,1.0,1.0
12589976.0,1.0,1.0,1.0,1.0,1.0
12603938.0,1.0,1.0,1.0,1.0,1.0
12661180.0,0.0,0.0,0.0,0.0,0.0
12668349.0,1.0,1.0,1.0,1.0,1.0
12745462.0,1.0,1.0,1.0,1.0,1.0
12747264.0,1.0,1.0,1.0,1.0,1.0
12774771.0,1.0,1.0,1.0,1.0,1.0
12812257.0,1.0,1.0,1.0,1.0,1.0
12852367.0,1.0,1.0,1.0,1.0,1.0
12883738.0,1.0,1.0,1.0,1.0,1.0
12885246.0,1.0,1.0,1.0,1.0,1.0
12892816.0,1.0,1.0,1.0,1.0,1.0
12893434.0,1.0,1.0,1.0,1.0,1.0
12902608.0,0.0,0.0,0.0,0.0,0.0
13066262.0,1.0,1.0,1.0,1.0,1.0
13072310.0,1.0,1.0,1.0,1.0,1.0
13097373.0,1.0,1.0,1.0,1.0,1.0
13117770.0,1.0,1.0,1.0,1.0,1.0
13120283.0,1.0,1.0,1.0,1.0,1.0
13126619.0,1.0,1.0,1.0,1.0,1.0
13131611.0,1.0,1.0,1.0,1.0,1.0
13139437.0,1.0,1.0,1.0,1.0,1.0
13170372.0,1.0,1.0,1.0,1.0,1.0
13184863.0,1.0,1.0,1.0,1.0,1.0
13186559.0,1.0,1.0,1.0,1.0,1.0
13201125.0,1.0,1.0,1.0,1.0,1.0
13217733.0,0.0,0.0,0.0,0.0,0.0
13233081.0,1.0,1.0,1.0,1.0,1.0
13236640.0,1.0,1.0,1.0,1.0,1.0
13245371.0,1.0,1.0,1.0,1.0,1.0
13266166.0,0.0,0.0,0.0,0.0,1.0
13336278.0,1.0,1.0,1.0,1.0,1.0
13348015.0,0.0,0.0,0.0,0.0,0.0
13359695.0,1.0,1.0,1.0,1.0,1.0
13364004.0,1.0,1.0,1.0,1.0,1.0
13390015.0,1.0,1.0,1.0,1.0,1.0
13405864.0,1.0,1.0,1.0,1.0,1.0
13423829.0,0.0,0.0,0.0,0.0,0.0
13449138.0,1.0,1.0,1.0,1.0,1.0
13455014.0,1.0,1.0,1.0,1.0,1.0
13470499.0,1.0,1.0,1.0,1.0,1.0
13476602.0,0.0,0.0,0.0,0.0,0.0
13486566.0,1.0,1.0,1.0,1.0,1.0
13490746.0,1.0,1.0,1.0,1.0,1.0
13498566.0,1.0,1.0,1.0,1.0,1.0
13499278.0,0.0,0.0,0.0,0.0,0.0
13528928.0,1.0,1.0,1.0,1.0,1.0
13559551.0,1.0,1.0,1.0,1.0,1.0
13577724.0,1.0,1.0,1.0,1.0,1.0
13599844.0,1.0,1.0,1.0,1.0,1.0
13606645.0,1.0,1.0,1.0,1.0,1.0
13622536.0,1.0,1.0,1.0,1.0,1.0
13647303.0,0.0,0.0,0.0,0.0,0.0
13648404.0,0.0,0.0,0.0,0.0,0.0
13676402.0,1.0,1.0,1.0,1.0,1.0
13681632.0,1.0,1.0,1.0,1.0,1.0
13717634.0,1.0,1.0,1.0,1.0,1.0
13739957.0,1.0,1.0,1.0,1.0,1.0
13757874.0,0.0,0.0,0.0,0.0,0.0
13759801.0,0.0,0.0,0.0,0.0,0.0
13762830.0,0.0,0.0,0.0,0.0,0.0
13768099.0,1.0,1.0,1.0,1.0,1.0
13801757.0,1.0,1.0,1.0,1.0,1.0
13803845.0,1.0,1.0,1.0,1.0,1.0
13817659.0,1.0,1.0,1.0,1.0,1.0
13823978.0,1.0,1.0,1.0,1.0,1.0
13844987.0,0.0,0.0,0.0,0.0,0.0
13845788.0,1.0,1.0,1.0,1.0,1.0
13848752.0,0.0,0.0,0.0,0.0,1.0
13861212.0,1.0,1.0,1.0,1.0,1.0
13888080.0,1.0,1.0,1.0,1.0,1.0
13893853.0,0.0,0.0,0.0,0.0,0.0
13935633.0,1.0,1.0,1.0,1.0,1.0
13956902.0,0.0,0.0,0.0,0.0,0.0
13957937.0,1.0,1.0,1.0,1.0,1.0
13974528.0,1.0,1.0,1.0,1.0,1.0
14004391.0,1.0,0.0,0.0,1.0,1.0
14011895.0,1.0,1.0,1.0,1.0,1.0
14021125.0,1.0,1.0,1.0,1.0,1.0
14036521.0,1.0,1.0,1.0,1.0,1.0
14047289.0,1.0,1.0,1.0,1.0,1.0
14064810.0,1.0,1.0,1.0,1.0,1.0
14171719.0,1.0,1.0,1.0,1.0,1.0
14173451.0,1.0,1.0,1.0,1.0,1.0
14178747.0,1.0,1.0,1.0,1.0,1.0
14227195.0,1.0,1.0,1.0,1.0,1.0
14228548.0,1.0,1.0,1.0,1.0,1.0
14233079.0,1.0,1.0,1.0,1.0,1.0
14236184.0,1.0,1.0,1.0,1.0,1.0
14320335.0,1.0,1.0,1.0,1.0,1.0
14344906.0,1.0,1.0,1.0,1.0,1.0
14362597.0,1.0,1.0,1.0,1.0,1.0
14432544.0,1.0,1.0,1.0,1.0,1.0
14441454.0,1.0,1.0,1.0,1.0,1.0
14478077.0,1.0,1.0,1.0,1.0,1.0
14487130.0,1.0,1.0,1.0,1.0,1.0
14528463.0,1.0,1.0,1.0,1.0,1.0
14560109.0,1.0,1.0,1.0,1.0,1.0
14605493.0,0.0,0.0,0.0,0.0,1.0
14662501.0,1.0,1.0,1.0,1.0,1.0
14674069.0,1.0,1.0,1.0,1.0,1.0
14675948.0,1.0,1.0,1.0,1.0,1.0
14717264.0,0.0,0.0,0.0,0.0,0.0
14776016.0,0.0,0.0,0.0,0.0,0.0
14784698.0,1.0,1.0,1.0,1.0,1.0
14899049.0,0.0,0.0,0.0,0.0,0.0
14902249.0,0.0,0.0,0.0,0.0,0.0
14916812.0,1.0,1.0,1.0,1.0,1.0
14917508.0,0.0,0.0,0.0,0.0,0.0
14926055.0,1.0,1.0,1.0,1.0,1.0
14979709.0,1.0,1.0,1.0,1.0,1.0
15000904.0,0.0,0.0,0.0,0.0,0.0
15067236.0,1.0,1.0,1.0,1.0,1.0
15090628.0,1.0,1.0,1.0,1.0,1.0
15093122.0,1.0,1.0,1.0,1.0,1.0
15113241.0,1.0,1.0,1.0,1.0,1.0
15132348.0,0.0,0.0,0.0,0.0,0.0
15179718.0,1.0,1.0,1.0,1.0,1.0
15192429.0,1.0,1.0,1.0,1.0,1.0
15206844.0,1.0,1.0,1.0,1.0,1.0
15207135.0,0.0,0.0,0.0,0.0,0.0
15207361.0,1.0,1.0,1.0,1.0,1.0
15216672.0,0.0,0.0,0.0,0.0,0.0
15263753.0,1.0,1.0,1.0,1.0,1.0
15265349.0,1.0,1.0,1.0,1.0,1.0
15276598.0,1.0,1.0,1.0,1.0,1.0
15324064.0,1.0,1.0,1.0,1.0,1.0
15329935.0,1.0,1.0,1.0,1.0,1.0
15370040.0,1.0,1.0,1.0,1.0,1.0
15381092.0,1.0,1.0,1.0,1.0,1.0
15400603.0,1.0,1.0,1.0,1.0,1.0
15441219.0,1.0,1.0,1.0,1.0,1.0
15453843.0,1.0,1.0,1.0,1.0,1.0
15465350.0,1.0,1.0,1.0,1.0,1.0
15472296.0,1.0,1.0,1.0,1.0,1.0
15488421.0,1.0,1.0,1.0,1.0,1.0
15495131.0,1.0,1.0,1.0,1.0,1.0
15502112.0,0.0,0.0,0.0,0.0,0.0
15525098.0,1.0,1.0,1.0,1.0,1.0
15601499.0,1.0,1.0,1.0,1.0,1.0
15605056.0,0.0,0.0,0.0,0.0,0.0
15704209.0,0.0,0.0,0.0,0.0,0.0
15892523.0,1.0,1.0,1.0,1.0,1.0
15990650.0,1.0,1.0,1.0,1.0,1.0
16018121.0,1.0,1.0,1.0,1.0,1.0
16068390.0,1.0,1.0,1.0,1.0,1.0
16077955.0,0.0,0.0,0.0,0.0,0.0
16110800.0,1.0,1.0,1.0,1.0,1.0
16143289.0,1.0,1.0,1.0,1.0,1.0
16247631.0,1.0,1.0,1.0,1.0,1.0
16320270.0,1.0,1.0,1.0,1.0,1.0
16324962.0,1.0,1.0,1.0,1.0,1.0
16376387.0,1.0,1.0,1.0,1.0,1.0
16438092.0,1.0,1.0,1.0,1.0,1.0
16440178.0,0.0,0.0,0.0,0.0,0.0
16458950.0,1.0,1.0,1.0,1.0,1.0
16490697.0,1.0,1.0,1.0,1.0,1.0
16523456.0,1.0,1.0,1.0,1.0,1.0
16570592.0,1.0,1.0,1.0,1.0,1.0
16634416.0,1.0,1.0,1.0,1.0,1.0
16811125.0,1.0,1.0,1.0,1.0,1.0
16817061.0,1.0,1.0,1.0,1.0,1.0
16834569.0,1.0,1.0,1.0,1.0,1.0
16928061.0,1.0,1.0,1.0,1.0,1.0
16931945.0,0.0,0.0,0.0,0.0,0.0
16971190.0,1.0,1.0,1.0,1.0,1.0
17002681.0,1.0,1.0,1.0,1.0,1.0
17006659.0,1.0,1.0,1.0,1.0,1.0
17022664.0,1.0,1.0,1.0,1.0,1.0
17029653.0,1.0,1.0,1.0,1.0,1.0
17069634.0,1.0,1.0,1.0,1.0,1.0
17102326.0,1.0,1.0,1.0,1.0,1.0
17197972.0,1.0,1.0,1.0,1.0,1.0
17270229.0,1.0,1.0,1.0,1.0,1.0
17365035.0,1.0,1.0,1.0,1.0,1.0
17410820.0,1.0,1.0,1.0,1.0,1.0
17419303.0,1.0,1.0,1.0,1.0,1.0
17423860.0,1.0,1.0,1.0,1.0,1.0
17431866.0,1.0,1.0,1.0,1.0,1.0
17434034.0,1.0,1.0,1.0,1.0,1.0
17435935.0,1.0,1.0,1.0,1.0,1.0
17445513.0,1.0,1.0,1.0,1.0,1.0
17457952.0,1.0,1.0,1.0,1.0,1.0
17475029.0,1.0,1.0,1.0,1.0,1.0
17485389.0,1.0,1.0,1.0,1.0,1.0
17862970.0,0.0,1.0,1.0,1.0,1.0
17875470.0,1.0,1.0,1.0,1.0,1.0
17911200.0,1.0,1.0,1.0,1.0,1.0
17968288.0,1.0,1.0,1.0,1.0,1.0
18010251.0,1.0,1.0,1.0,1.0,1.0
18018805.0,1.0,1.0,1.0,1.0,1.0
18026671.0,0.0,0.0,0.0,0.0,0.0
18113773.0,1.0,1.0,1.0,1.0,1.0
18114503.0,1.0,1.0,1.0,1.0,1.0
18138929.0,1.0,1.0,1.0,1.0,1.0
18156467.0,1.0,1.0,1.0,1.0,1.0
18180162.0,1.0,1.0,1.0,1.0,1.0
18208757.0,1.0,1.0,1.0,1.0,1.0
18268124.0,1.0,1.0,1.0,1.0,1.0
18270664.0,1.0,1.0,1.0,1.0,1.0
18272255.0,1.0,1.0,1.0,1.0,1.0
18285808.0,0.0,0.0,0.0,0.0,0.0
18425562.0,0.0,0.0,0.0,0.0,0.0
18461934.0,1.0,1.0,1.0,1.0,1.0
18483557.0,1.0,1.0,1.0,1.0,1.0
18571127.0,1.0,1.0,1.0,1.0,1.0
18661110.0,1.0,1.0,1.0,1.0,1.0
18707481.0,1.0,1.0,1.0,1.0,1.0
18723721.0,1.0,1.0,1.0,1.0,1.0
18768290.0,1.0,1.0,1.0,1.0,1.0
18781621.0,0.0,0.0,0.0,0.0,1.0
18934957.0,1.0,1.0,1.0,1.0,1.0
19061798.0,1.0,1.0,1.0,1.0,1.0
19083018.0,1.0,1.0,1.0,1.0,1.0
19085880.0,1.0,1.0,1.0,1.0,1.0
19118746.0,0.0,0.0,0.0,0.0,0.0
19128474.0,1.0,1.0,1.0,1.0,1.0
19131355.0,0.0,0.0,0.0,0.0,0.0
19146766.0,0.0,0.0,0.0,0.0,0.0
19150105.0,1.0,1.0,1.0,1.0,1.0
19258466.0,0.0,0.0,0.0,0.0,0.0
19265224.0,1.0,0.0,0.0,1.0,1.0
19312894.0,1.0,1.0,1.0,1.0,1.0
19313588.0,1.0,1.0,1.0,1.0,1.0
19324558.0,1.0,1.0,1.0,1.0,1.0
19371978.0,1.0,1.0,1.0,1.0,1.0
19445661.0,1.0,1.0,1.0,1.0,1.0
19466708.0,1.0,1.0,1.0,1.0,1.0
19488419.0,1.0,1.0,1.0,1.0,1.0
19513016.0,1.0,1.0,1.0,1.0,1.0
19514122.0,1.0,1.0,1.0,1.0,1.0
19577722.0,1.0,1.0,1.0,1.0,1.0
19578050.0,1.0,1.0,1.0,0.0,1.0
19656339.0,1.0,1.0,1.0,1.0,1.0
19784408.0,0.0,0.0,0.0,0.0,0.0
19791948.0,0.0,0.0,0.0,0.0,1.0
19895934.0,1.0,1.0,1.0,1.0,1.0
19900183.0,1.0,1.0,1.0,1.0,1.0
19912850.0,1.0,1.0,1.0,1.0,1.0
19967288.0,1.0,1.0,1.0,1.0,1.0
20033410.0,1.0,1.0,1.0,1.0,1.0
20109634.0,1.0,1.0,1.0,1.0,1.0
20186491.0,0.0,0.0,0.0,0.0,0.0
20267597.0,1.0,1.0,1.0,1.0,1.0
20273145.0,1.0,1.0,1.0,1.0,1.0
20329316.0,1.0,1.0,1.0,1.0,1.0
20369196.0,0.0,0.0,0.0,0.0,0.0
20414546.0,1.0,1.0,1.0,1.0,1.0
20516040.0,0.0,0.0,0.0,0.0,0.0
20647206.0,1.0,1.0,1.0,1.0,1.0
20661444.0,1.0,1.0,1.0,1.0,1.0
20681009.0,0.0,0.0,0.0,0.0,0.0
20685117.0,0.0,0.0,0.0,0.0,0.0
20728912.0,1.0,1.0,1.0,1.0,1.0
20740661.0,1.0,1.0,1.0,1.0,1.0
20821601.0,1.0,1.0,1.0,1.0,1.0
20824494.0,1.0,1.0,1.0,1.0,1.0
20845841.0,1.0,1.0,1.0,1.0,1.0
20953117.0,1.0,1.0,1.0,1.0,1.0
21048837.0,1.0,1.0,1.0,1.0,1.0
21064145.0,1.0,1.0,1.0,1.0,1.0
21070657.0,1.0,1.0,1.0,1.0,1.0
21139057.0,1.0,1.0,1.0,1.0,1.0
21146372.0,1.0,1.0,1.0,1.0,1.0
21149038.0,1.0,1.0,1.0,1.0,1.0
21186911.0,1.0,1.0,1.0,1.0,1.0
21187954.0,1.0,1.0,1.0,1.0,1.0
21237947.0,1.0,1.0,1.0,1.0,1.0
21242008.0,1.0,1.0,1.0,1.0,1.0
21329419.0,1.0,1.0,1.0,1.0,1.0
21340404.0,1.0,1.0,1.0,1.0,1.0
21359523.0,1.0,1.0,1.0,1.0,1.0
21446657.0,1.0,1.0,1.0,1.0,1.0
21466821.0,1.0,1.0,1.0,1.0,1.0
21521819.0,1.0,1.0,1.0,1.0,1.0
21523926.0,1.0,1.0,1.0,1.0,1.0
21546632.0,1.0,1.0,1.0,1.0,1.0
21557250.0,1.0,1.0,1.0,1.0,1.0
21596792.0,1.0,1.0,1.0,1.0,1.0
21664522.0,1.0,1.0,1.0,1.0,1.0
21686035.0,1.0,1.0,1.0,1.0,1.0
21721420.0,1.0,1.0,1.0,1.0,1.0
21888933.0,1.0,1.0,1.0,1.0,1.0
21915486.0,1.0,1.0,1.0,1.0,1.0
21918646.0,0.0,0.0,0.0,0.0,0.0
21959794.0,0.0,0.0,0.0,0.0,0.0
21997479.0,1.0,1.0,1.0,1.0,1.0
22031812.0,1.0,1.0,1.0,1.0,1.0
22034346.0,1.0,1.0,1.0,1.0,1.0
22148028.0,1.0,1.0,1.0,1.0,1.0
22240113.0,1.0,1.0,1.0,1.0,1.0
22264173.0,0.0,0.0,0.0,0.0,0.0
22280001.0,1.0,1.0,1.0,1.0,1.0
22317815.0,1.0,1.0,1.0,1.0,1.0
22406103.0,0.0,0.0,0.0,0.0,0.0
22499207.0,1.0,1.0,1.0,1.0,1.0
22510038.0,1.0,1.0,1.0,1.0,1.0
22521021.0,0.0,0.0,0.0,0.0,0.0
22543896.0,1.0,1.0,1.0,1.0,1.0
22549496.0,1.0,1.0,1.0,1.0,1.0
22596444.0,1.0,1.0,1.0,1.0,1.0
22653970.0,1.0,1.0,1.0,1.0,1.0
22677079.0,1.0,1.0,1.0,1.0,1.0
22690592.0,1.0,1.0,1.0,1.0,1.0
22737984.0,1.0,1.0,1.0,1.0,1.0
22847148.0,1.0,1.0,1.0,1.0,1.0
22931090.0,1.0,1.0,0.0,0.0,1.0
22944661.0,1.0,1.0,1.0,1.0,1.0
22950994.0,1.0,1.0,1.0,1.0,1.0
22963504.0,1.0,1.0,1.0,1.0,1.0
22981530.0,1.0,1.0,1.0,1.0,1.0
23002403.0,1.0,1.0,1.0,1.0,1.0
23006276.0,1.0,1.0,1.0,1.0,1.0
23020377.0,1.0,1.0,1.0,1.0,1.0
23041449.0,1.0,1.0,1.0,1.0,1.0
23057809.0,1.0,1.0,1.0,1.0,1.0
23074666.0,1.0,1.0,1.0,1.0,1.0
23135252.0,1.0,1.0,1.0,1.0,1.0
23135764.0,1.0,1.0,1.0,1.0,1.0
23160803.0,1.0,1.0,1.0,1.0,1.0
23196289.0,0.0,0.0,1.0,1.0,1.0
23207658.0,1.0,1.0,1.0,1.0,1.0
23210930.0,1.0,1.0,1.0,1.0,1.0
23350146.0,1.0,1.0,1.0,1.0,1.0
23390125.0,1.0,1.0,1.0,1.0,1.0
23436690.0,1.0,1.0,1.0,1.0,1.0
23440899.0,1.0,1.0,1.0,1.0,1.0
23464821.0,1.0,1.0,1.0,1.0,1.0
23474560.0,1.0,1.0,1.0,1.0,1.0
23476510.0,1.0,1.0,1.0,1.0,1.0
23489229.0,1.0,1.0,1.0,1.0,1.0
23501756.0,1.0,1.0,1.0,1.0,1.0
23545418.0,1.0,1.0,1.0,1.0,1.0
23607380.0,1.0,1.0,1.0,1.0,1.0
23609498.0,1.0,1.0,1.0,1.0,1.0
23616692.0,1.0,1.0,1.0,1.0,1.0
23627144.0,1.0,1.0,1.0,1.0,1.0
23650735.0,1.0,1.0,1.0,1.0,1.0
23669177.0,1.0,1.0,1.0,1.0,1.0
23855553.0,1.0,1.0,1.0,1.0,1.0
23885704.0,0.0,0.0,0.0,0.0,0.0
24051527.0,1.0,1.0,1.0,1.0,1.0
24061270.0,1.0,1.0,1.0,1.0,1.0
24069916.0,1.0,1.0,1.0,1.0,1.0
24071549.0,1.0,1.0,1.0,1.0,1.0
24183465.0,1.0,1.0,1.0,1.0,1.0
24273059.0,1.0,1.0,1.0,1.0,1.0
24313071.0,1.0,1.0,1.0,1.0,1.0
24418848.0,1.0,1.0,1.0,1.0,1.0
24481663.0,1.0,1.0,1.0,1.0,1.0
24545923.0,1.0,1.0,1.0,1.0,1.0
24666225.0,1.0,1.0,1.0,1.0,1.0
24679217.0,1.0,1.0,1.0,1.0,1.0
24718508.0,1.0,1.0,1.0,1.0,1.0
24773314.0,1.0,1.0,1.0,1.0,1.0
24786540.0,0.0,0.0,0.0,0.0,0.0
24828319.0,1.0,1.0,1.0,1.0,1.0
24837239.0,1.0,1.0,1.0,1.0,1.0
24840921.0,1.0,1.0,1.0,1.0,1.0
24848009.0,0.0,0.0,0.0,0.0,0.0
24850798.0,1.0,1.0,1.0,1.0,1.0
24858530.0,1.0,1.0,1.0,1.0,1.0
24875764.0,1.0,1.0,1.0,1.0,1.0
24900850.0,1.0,1.0,1.0,1.0,1.0
24907223.0,0.0,0.0,0.0,0.0,0.0
24999254.0,1.0,1.0,1.0,1.0,1.0
25049485.0,1.0,1.0,1.0,1.0,1.0
25060213.0,1.0,1.0,1.0,1.0,1.0
25250876.0,1.0,1.0,1.0,1.0,1.0
25316089.0,1.0,1.0,1.0,1.0,1.0
25341480.0,1.0,1.0,1.0,1.0,1.0
25343494.0,1.0,1.0,1.0,1.0,1.0
25345996.0,1.0,1.0,1.0,1.0,1.0
25553248.0,1.0,1.0,1.0,1.0,1.0
25646185.0,1.0,1.0,1.0,1.0,1.0
25682953.0,1.0,1.0,1.0,1.0,1.0
25716533.0,1.0,1.0,1.0,1.0,1.0
25864289.0,1.0,1.0,1.0,1.0,1.0
26056332.0,1.0,1.0,1.0,1.0,1.0
26148299.0,0.0,0.0,0.0,0.0,0.0
26188236.0,0.0,0.0,0.0,0.0,0.0
26201974.0,1.0,1.0,1.0,1.0,1.0
26257706.0,1.0,1.0,1.0,1.0,1.0
26323546.0,1.0,1.0,1.0,1.0,1.0
26510251.0,1.0,1.0,1.0,1.0,1.0
26531409.0,1.0,1.0,1.0,1.0,1.0
26551055.0,1.0,1.0,1.0,1.0,1.0
26631994.0,0.0,0.0,0.0,0.0,0.0
26649501.0,1.0,1.0,1.0,1.0,1.0
27009358.0,1.0,1.0,1.0,1.0,1.0
27068534.0,1.0,1.0,1.0,1.0,1.0
27069590.0,1.0,1.0,1.0,1.0,1.0
27115069.0,1.0,1.0,1.0,1.0,1.0
27186343.0,1.0,1.0,1.0,1.0,1.0
27232244.0,1.0,1.0,1.0,1.0,1.0
27445057.0,1.0,1.0,1.0,1.0,1.0
27538668.0,0.0,1.0,0.0,0.0,1.0
27543745.0,1.0,1.0,1.0,1.0,1.0
27556238.0,0.0,0.0,0.0,0.0,0.0
27599260.0,1.0,1.0,1.0,1.0,1.0
27599791.0,0.0,0.0,0.0,0.0,0.0
27600617.0,1.0,1.0,1.0,1.0,1.0
27650399.0,1.0,1.0,1.0,1.0,1.0
27892390.0,1.0,1.0,1.0,1.0,1.0
28106898.0,0.0,0.0,0.0,0.0,0.0
28309515.0,1.0,1.0,1.0,1.0,1.0
28587428.0,1.0,1.0,1.0,1.0,1.0
28597797.0,1.0,1.0,1.0,1.0,1.0
28608697.0,1.0,1.0,1.0,1.0,1.0
28635805.0,1.0,1.0,1.0,1.0,1.0
28757291.0,1.0,1.0,1.0,1.0,1.0
28763089.0,1.0,1.0,1.0,1.0,1.0
28788098.0,1.0,1.0,1.0,1.0,1.0
28830599.0,0.0,0.0,0.0,0.0,0.0
28953896.0,1.0,1.0,1.0,1.0,1.0
28979036.0,1.0,1.0,1.0,1.0,1.0
29019065.0,1.0,1.0,1.0,1.0,1.0
29051646.0,1.0,1.0,1.0,1.0,1.0
29114110.0,1.0,1.0,1.0,1.0,1.0
29132667.0,0.0,0.0,0.0,0.0,0.0
29141204.0,1.0,1.0,1.0,1.0,1.0
29142398.0,1.0,1.0,1.0,1.0,1.0
29158968.0,0.0,0.0,0.0,0.0,0.0
29199292.0,1.0,1.0,1.0,1.0,1.0
29225048.0,1.0,1.0,1.0,1.0,1.0
29302843.0,1.0,1.0,1.0,1.0,1.0
29316029.0,1.0,1.0,1.0,1.0,1.0
29327615.0,1.0,1.0,1.0,1.0,1.0
29360666.0,1.0,1.0,1.0,1.0,1.0
29555500.0,0.0,0.0,0.0,1.0,1.0
29566289.0,1.0,1.0,1.0,1.0,1.0
29567942.0,1.0,1.0,1.0,1.0,1.0
29854475.0,1.0,1.0,1.0,1.0,1.0
29929453.0,1.0,1.0,1.0,1.0,1.0
30257773.0,1.0,1.0,1.0,1.0,1.0
30268691.0,1.0,1.0,1.0,1.0,1.0
30371148.0,0.0,0.0,0.0,0.0,0.0
30474663.0,1.0,1.0,1.0,1.0,1.0
30479335.0,0.0,0.0,0.0,0.0,0.0
30572987.0,1.0,1.0,1.0,1.0,1.0
30635942.0,0.0,0.0,0.0,0.0,1.0
30819965.0,1.0,1.0,1.0,1.0,1.0
30843165.0,1.0,1.0,1.0,1.0,1.0
30843221.0,1.0,1.0,1.0,1.0,1.0
30862407.0,1.0,1.0,1.0,1.0,1.0
31001948.0,1.0,1.0,1.0,1.0,1.0
31058650.0,0.0,0.0,0.0,0.0,0.0
31194166.0,1.0,1.0,1.0,1.0,1.0
31234913.0,1.0,1.0,1.0,1.0,1.0
31252577.0,1.0,1.0,1.0,1.0,1.0
31877002.0,1.0,1.0,1.0,1.0,1.0
32010592.0,1.0,1.0,1.0,1.0,1.0
32213784.0,0.0,1.0,1.0,1.0,1.0
32237605.0,1.0,1.0,1.0,1.0,1.0
32242448.0,1.0,1.0,1.0,1.0,1.0
32246241.0,0.0,0.0,0.0,0.0,0.0
32285605.0,0.0,0.0,0.0,0.0,0.0
32351767.0,1.0,1.0,1.0,1.0,1.0
32369380.0,1.0,1.0,1.0,1.0,1.0
32441560.0,1.0,1.0,1.0,1.0,1.0
32486866.0,1.0,1.0,1.0,1.0,1.0
32698115.0,1.0,1.0,1.0,1.0,1.0
32815351.0,0.0,0.0,0.0,0.0,0.0
32816204.0,1.0,1.0,1.0,1.0,1.0
32893567.0,0.0,0.0,0.0,0.0,0.0
32908564.0,0.0,0.0,0.0,0.0,1.0
32917330.0,0.0,0.0,0.0,0.0,0.0
32957695.0,1.0,1.0,1.0,1.0,1.0
32992878.0,1.0,1.0,1.0,1.0,1.0
33017480.0,1.0,1.0,1.0,1.0,1.0
33043142.0,0.0,0.0,0.0,0.0,0.0
33068288.0,1.0,1.0,1.0,1.0,1.0
33124751.0,0.0,0.0,0.0,0.0,1.0
33211917.0,1.0,1.0,1.0,1.0,1.0
33272276.0,1.0,1.0,1.0,1.0,1.0
33273326.0,1.0,1.0,1.0,1.0,1.0
33334300.0,1.0,1.0,1.0,1.0,1.0
33337821.0,1.0,1.0,1.0,1.0,1.0
33391725.0,1.0,1.0,1.0,1.0,1.0
33392611.0,1.0,1.0,1.0,1.0,1.0
33470501.0,1.0,1.0,1.0,1.0,1.0
33513390.0,1.0,1.0,1.0,1.0,1.0
33533205.0,1.0,1.0,1.0,1.0,1.0
33547401.0,1.0,1.0,1.0,1.0,1.0
33577182.0,1.0,1.0,1.0,1.0,1.0
33681190.0,1.0,1.0,1.0,1.0,1.0
33710372.0,1.0,1.0,1.0,1.0,1.0
33749123.0,1.0,1.0,1.0,1.0,1.0
33774114.0,1.0,1.0,1.0,1.0,1.0
33790974.0,1.0,1.0,1.0,1.0,1.0
33827966.0,1.0,1.0,1.0,1.0,1.0
33872557.0,1.0,1.0,1.0,1.0,1.0
33908630.0,1.0,1.0,1.0,1.0,1.0
33918914.0,1.0,1.0,1.0,1.0,1.0
34084194.0,1.0,1.0,1.0,1.0,1.0
34096888.0,1.0,1.0,1.0,1.0,1.0
34104463.0,1.0,1.0,1.0,1.0,1.0
34118972.0,0.0,0.0,0.0,0.0,0.0
34125695.0,1.0,1.0,1.0,1.0,1.0
34155276.0,1.0,1.0,1.0,1.0,1.0
34176326.0,0.0,0.0,0.0,0.0,1.0
34198118.0,0.0,0.0,0.0,0.0,0.0
34272067.0,1.0,1.0,1.0,1.0,1.0
34303569.0,1.0,1.0,1.0,1.0,1.0
34356841.0,1.0,1.0,1.0,1.0,1.0
34411879.0,1.0,1.0,1.0,1.0,1.0
34483219.0,1.0,1.0,1.0,1.0,1.0
34504258.0,1.0,1.0,1.0,1.0,1.0
34550779.0,0.0,0.0,0.0,0.0,0.0
34569546.0,0.0,0.0,0.0,0.0,0.0
34594245.0,1.0,0.0,0.0,0.0,1.0
34602844.0,1.0,1.0,1.0,1.0,1.0
34630045.0,0.0,0.0,0.0,0.0,0.0
34649332.0,1.0,1.0,1.0,1.0,1.0
34741365.0,1.0,1.0,1.0,1.0,1.0
34748883.0,0.0,0.0,0.0,0.0,0.0
34802203.0,1.0,1.0,1.0,1.0,1.0
34833755.0,0.0,0.0,0.0,0.0,1.0
34843250.0,1.0,1.0,1.0,1.0,1.0
34897139.0,1.0,1.0,1.0,1.0,1.0
34957485.0,0.0,0.0,0.0,0.0,1.0
35026349.0,1.0,1.0,1.0,1.0,1.0
35070307.0,1.0,1.0,1.0,1.0,1.0
35118923.0,1.0,1.0,1.0,1.0,1.0
35146137.0,0.0,0.0,1.0,0.0,1.0
35204690.0,0.0,0.0,0.0,0.0,0.0
35220809.0,1.0,1.0,1.0,1.0,1.0
35223688.0,1.0,1.0,1.0,1.0,1.0
35262881.0,1.0,1.0,1.0,1.0,1.0
35270739.0,1.0,1.0,1.0,1.0,1.0
35277294.0,1.0,1.0,1.0,1.0,1.0
35403325.0,1.0,1.0,1.0,1.0,1.0
35451161.0,0.0,0.0,0.0,0.0,0.0
35502951.0,1.0,1.0,1.0,1.0,1.0
35516342.0,1.0,1.0,1.0,1.0,1.0
35577629.0,1.0,1.0,1.0,1.0,1.0
35595591.0,1.0,1.0,1.0,1.0,1.0
35639763.0,0.0,0.0,0.0,0.0,0.0
35657270.0,1.0,1.0,1.0,1.0,1.0
35667597.0,1.0,1.0,1.0,1.0,1.0
35705360.0,1.0,1.0,1.0,1.0,1.0
35778602.0,1.0,1.0,1.0,1.0,1.0
35808773.0,1.0,1.0,1.0,1.0,1.0
35887057.0,1.0,1.0,1.0,1.0,1.0
35890395.0,0.0,0.0,0.0,0.0,0.0
35949029.0,1.0,1.0,1.0,1.0,1.0
35994131.0,1.0,1.0,1.0,1.0,1.0
36035411.0,1.0,1.0,1.0,1.0,1.0
36040878.0,1.0,1.0,1.0,1.0,1.0
36066235.0,0.0,0.0,0.0,0.0,0.0
36117968.0,1.0,1.0,1.0,1.0,1.0
36193030.0,1.0,1.0,1.0,1.0,1.0
36197173.0,1.0,1.0,1.0,1.0,1.0
36264019.0,1.0,1.0,1.0,1.0,1.0
36300517.0,0.0,0.0,0.0,0.0,0.0
36425554.0,0.0,0.0,0.0,0.0,0.0
36476625.0,1.0,1.0,1.0,1.0,1.0
36485861.0,1.0,1.0,1.0,1.0,1.0
36487157.0,1.0,1.0,1.0,1.0,1.0
36487609.0,1.0,1.0,1.0,1.0,1.0
36491792.0,1.0,1.0,1.0,1.0,1.0
36700106.0,1.0,1.0,1.0,1.0,1.0
36720744.0,1.0,1.0,1.0,1.0,1.0
36863273.0,0.0,0.0,0.0,0.0,0.0
36982986.0,0.0,0.0,0.0,0.0,0.0
37027645.0,1.0,1.0,1.0,1.0,1.0
37144943.0,1.0,1.0,1.0,1.0,1.0
37146339.0,0.0,0.0,0.0,0.0,0.0
37154590.0,1.0,1.0,1.0,1.0,1.0
37175820.0,1.0,1.0,1.0,1.0,1.0
37393114.0,0.0,0.0,0.0,0.0,0.0
37406702.0,1.0,1.0,1.0,1.0,1.0
37413015.0,0.0,0.0,0.0,0.0,0.0
37426134.0,1.0,1.0,1.0,1.0,1.0
37440959.0,0.0,0.0,0.0,0.0,0.0
37442832.0,0.0,0.0,0.0,0.0,0.0
37515837.0,1.0,1.0,1.0,1.0,1.0
37647788.0,1.0,1.0,1.0,1.0,1.0
37696202.0,1.0,1.0,1.0,1.0,1.0
37723395.0,0.0,0.0,0.0,0.0,0.0
37748309.0,1.0,1.0,1.0,1.0,1.0
37768262.0,0.0,0.0,0.0,0.0,0.0
37773366.0,1.0,1.0,1.0,1.0,1.0
37782804.0,1.0,1.0,1.0,1.0,1.0
37792055.0,1.0,1.0,1.0,1.0,1.0
37805409.0,1.0,1.0,1.0,1.0,1.0
37845745.0,0.0,0.0,0.0,0.0,0.0
37854758.0,1.0,1.0,1.0,1.0,1.0
37881820.0,1.0,1.0,1.0,1.0,1.0
37929025.0,0.0,0.0,0.0,0.0,0.0
37944522.0,1.0,1.0,1.0,1.0,1.0
37947997.0,0.0,0.0,0.0,1.0,1.0
37957071.0,1.0,1.0,1.0,1.0,1.0
37991420.0,1.0,1.0,1.0,1.0,1.0
38068542.0,1.0,1.0,1.0,1.0,1.0
38121943.0,1.0,1.0,1.0,1.0,1.0
38179101.0,1.0,1.0,1.0,1.0,1.0
38185107.0,0.0,0.0,0.0,0.0,0.0
38240394.0,1.0,1.0,1.0,1.0,1.0
38280283.0,1.0,1.0,1.0,1.0,1.0
38323310.0,1.0,1.0,1.0,1.0,1.0
38378197.0,1.0,1.0,1.0,0.0,1.0
38401083.0,1.0,1.0,1.0,1.0,1.0
38494962.0,1.0,1.0,1.0,1.0,1.0
38507276.0,1.0,1.0,1.0,1.0,1.0
38699974.0,1.0,1.0,1.0,1.0,1.0
38719770.0,1.0,1.0,1.0,1.0,1.0
38872231.0,1.0,1.0,1.0,1.0,1.0
38909144.0,1.0,1.0,1.0,1.0,1.0
38942708.0,1.0,1.0,1.0,1.0,1.0
38995229.0,1.0,1.0,1.0,1.0,1.0
39076671.0,1.0,1.0,1.0,1.0,1.0
39108130.0,0.0,0.0,0.0,0.0,0.0
39233606.0,1.0,1.0,1.0,1.0,1.0
39280683.0,0.0,0.0,0.0,0.0,1.0
39345381.0,1.0,1.0,1.0,1.0,1.0
39368416.0,1.0,1.0,1.0,1.0,1.0
39495816.0,1.0,1.0,1.0,1.0,1.0
39546710.0,1.0,0.0,0.0,0.0,1.0
39580531.0,1.0,1.0,1.0,1.0,1.0
39606594.0,0.0,0.0,0.0,0.0,0.0
39696185.0,1.0,1.0,1.0,1.0,1.0
39698899.0,1.0,1.0,1.0,1.0,1.0
39742197.0,1.0,1.0,1.0,1.0,1.0
39750963.0,1.0,1.0,1.0,1.0,1.0
39789469.0,1.0,1.0,1.0,1.0,1.0
39818186.0,0.0,0.0,0.0,0.0,0.0
39863982.0,1.0,1.0,1.0,1.0,1.0
39910058.0,1.0,1.0,1.0,1.0,1.0
40001549.0,1.0,1.0,1.0,1.0,1.0
40007097.0,0.0,0.0,0.0,0.0,0.0
40026094.0,1.0,1.0,1.0,1.0,1.0
40150775.0,1.0,1.0,1.0,1.0,1.0
40182730.0,1.0,1.0,1.0,1.0,1.0
40185014.0,1.0,1.0,1.0,1.0,1.0
40188286.0,1.0,1.0,1.0,1.0,1.0
40229608.0,1.0,1.0,1.0,1.0,1.0
40392213.0,0.0,0.0,0.0,0.0,0.0
40467242.0,1.0,1.0,1.0,1.0,1.0
40609742.0,1.0,1.0,1.0,1.0,1.0
40862933.0,1.0,1.0,1.0,1.0,1.0
40863343.0,0.0,0.0,0.0,0.0,0.0
41159266.0,0.0,0.0,0.0,0.0,1.0
41371401.0,1.0,1.0,1.0,1.0,1.0
41780744.0,1.0,1.0,1.0,1.0,1.0
41978262.0,1.0,1.0,1.0,1.0,1.0
42408783.0,1.0,1.0,1.0,1.0,1.0
42511529.0,0.0,0.0,0.0,0.0,0.0
42812769.0,1.0,1.0,1.0,1.0,1.0
42923204.0,1.0,1.0,1.0,1.0,1.0
43128006.0,1.0,1.0,1.0,1.0,1.0
43312482.0,0.0,0.0,0.0,0.0,0.0
43459333.0,1.0,1.0,1.0,1.0,1.0
43492697.0,1.0,1.0,1.0,1.0,1.0
43529368.0,1.0,1.0,1.0,1.0,1.0
43542905.0,1.0,1.0,1.0,1.0,1.0
43596358.0,1.0,1.0,0.0,0.0,1.0
43599807.0,1.0,1.0,1.0,1.0,1.0
43772204.0,0.0,0.0,0.0,0.0,0.0
43800937.0,0.0,0.0,0.0,0.0,0.0
44068089.0,1.0,1.0,1.0,1.0,1.0
44115836.0,1.0,1.0,1.0,1.0,1.0
44205080.0,0.0,0.0,0.0,0.0,0.0
44212924.0,1.0,1.0,1.0,1.0,1.0
44234873.0,1.0,1.0,1.0,1.0,1.0
44270435.0,1.0,1.0,1.0,1.0,1.0
44768375.0,0.0,0.0,0.0,0.0,0.0
44772258.0,1.0,1.0,1.0,1.0,1.0
45054357.0,1.0,1.0,1.0,1.0,1.0
45089046.0,1.0,1.0,1.0,1.0,1.0
45235189.0,1.0,1.0,1.0,1.0,1.0
45415289.0,1.0,1.0,1.0,1.0,1.0
45435317.0,1.0,1.0,1.0,1.0,1.0
45477886.0,1.0,1.0,1.0,1.0,1.0
45499213.0,1.0,1.0,1.0,1.0,1.0
45745628.0,1.0,1.0,1.0,1.0,1.0
45799680.0,1.0,1.0,1.0,1.0,1.0
46077444.0,0.0,0.0,0.0,0.0,0.0
46382215.0,1.0,0.0,0.0,0.0,1.0
46489833.0,1.0,1.0,1.0,1.0,1.0
47052849.0,1.0,1.0,1.0,1.0,1.0
47190357.0,1.0,1.0,1.0,1.0,1.0
47258256.0,1.0,1.0,1.0,1.0,1.0
47464685.0,1.0,1.0,1.0,1.0,1.0
47828180.0,1.0,1.0,1.0,1.0,1.0
48706136.0,1.0,1.0,1.0,1.0,1.0
49377613.0,1.0,1.0,1.0,1.0,1.0
49410345.0,1.0,1.0,1.0,1.0,1.0
49471609.0,1.0,1.0,1.0,1.0,1.0
49599663.0,1.0,1.0,1.0,1.0,1.0
49800017.0,1.0,1.0,1.0,1.0,1.0
49935866.0,0.0,0.0,0.0,0.0,0.0
49987997.0,1.0,1.0,1.0,1.0,1.0
50559272.0,1.0,1.0,1.0,1.0,1.0
51205355.0,1.0,1.0,1.0,1.0,1.0
51599675.0,1.0,1.0,1.0,1.0,1.0
51822709.0,0.0,0.0,0.0,0.0,0.0
52252604.0,1.0,1.0,1.0,1.0,1.0
52275613.0,1.0,1.0,1.0,1.0,1.0
52418195.0,0.0,0.0,1.0,1.0,1.0
52721668.0,1.0,1.0,1.0,1.0,1.0
53097304.0,1.0,1.0,1.0,1.0,1.0
53153757.0,1.0,1.0,1.0,1.0,1.0
53183658.0,1.0,1.0,1.0,1.0,1.0
53220651.0,1.0,1.0,1.0,1.0,1.0
53595950.0,1.0,1.0,1.0,1.0,1.0
53773251.0,0.0,0.0,0.0,0.0,0.0
54156050.0,0.0,0.0,0.0,0.0,0.0
54417149.0,1.0,1.0,1.0,1.0,1.0
54887327.0,1.0,1.0,1.0,1.0,1.0
55810643.0,1.0,1.0,1.0,1.0,1.0
56394446.0,1.0,1.0,1.0,1.0,1.0
56447372.0,1.0,1.0,1.0,1.0,1.0
56855864.0,1.0,1.0,1.0,1.0,1.0
57003696.0,1.0,1.0,1.0,1.0,1.0
57134752.0,1.0,0.0,0.0,1.0,1.0
57194013.0,1.0,1.0,1.0,1.0,1.0
57729555.0,1.0,1.0,1.0,1.0,1.0
57897821.0,1.0,1.0,1.0,1.0,1.0
58447721.0,0.0,0.0,0.0,1.0,1.0
59156237.0,1.0,1.0,1.0,1.0,1.0
59458438.0,1.0,1.0,1.0,1.0,1.0
59493622.0,1.0,1.0,1.0,1.0,1.0
59695281.0,1.0,1.0,1.0,1.0,1.0
60115812.0,1.0,1.0,1.0,1.0,1.0
60174331.0,1.0,1.0,1.0,1.0,1.0
61180609.0,1.0,1.0,1.0,1.0,1.0
61588260.0,0.0,0.0,0.0,0.0,0.0
61986072.0,1.0,1.0,1.0,1.0,1.0
62470720.0,1.0,1.0,1.0,1.0,1.0
62834845.0,1.0,1.0,1.0,1.0,1.0
62947783.0,1.0,1.0,1.0,1.0,1.0
62966135.0,1.0,1.0,1.0,1.0,1.0
63017435.0,1.0,1.0,1.0,1.0,1.0
63618856.0,1.0,1.0,1.0,1.0,1.0
64746653.0,0.0,1.0,0.0,0.0,1.0
64787671.0,1.0,1.0,1.0,1.0,1.0
65277492.0,0.0,0.0,0.0,0.0,1.0
65333488.0,0.0,0.0,0.0,0.0,0.0
65419045.0,0.0,0.0,0.0,0.0,0.0
65577882.0,1.0,1.0,1.0,1.0,1.0
65610660.0,1.0,1.0,1.0,1.0,1.0
66133364.0,1.0,1.0,1.0,1.0,1.0
66341340.0,1.0,1.0,1.0,1.0,1.0
66656684.0,0.0,1.0,0.0,0.0,1.0
66873514.0,1.0,1.0,1.0,1.0,1.0
67233455.0,1.0,1.0,1.0,1.0,1.0
67303549.0,1.0,1.0,1.0,1.0,1.0
67536999.0,1.0,1.0,1.0,1.0,1.0
68519548.0,1.0,1.0,1.0,1.0,1.0
69004284.0,1.0,1.0,1.0,1.0,1.0
70358131.0,1.0,1.0,1.0,1.0,1.0
70447946.0,1.0,1.0,1.0,1.0,1.0
70990330.0,1.0,1.0,1.0,1.0,1.0
71033169.0,0.0,0.0,0.0,0.0,1.0
72249883.0,1.0,1.0,1.0,1.0,1.0
73010840.0,0.0,0.0,0.0,0.0,0.0
73212409.0,1.0,1.0,1.0,1.0,1.0
73754493.0,1.0,1.0,1.0,1.0,1.0
73854374.0,0.0,0.0,0.0,0.0,0.0
73890868.0,1.0,1.0,1.0,1.0,1.0
74043213.0,0.0,0.0,0.0,0.0,0.0
74086612.0,1.0,1.0,1.0,1.0,1.0
76061331.0,1.0,1.0,1.0,1.0,1.0
76539140.0,1.0,1.0,1.0,1.0,1.0
76831175.0,1.0,1.0,1.0,1.0,1.0
77066390.0,1.0,1.0,1.0,1.0,1.0
77457928.0,1.0,1.0,1.0,1.0,1.0
77645732.0,0.0,0.0,0.0,0.0,0.0
77992727.0,1.0,1.0,1.0,1.0,1.0
78451612.0,1.0,1.0,1.0,1.0,1.0
78599487.0,1.0,1.0,1.0,1.0,1.0
78928086.0,0.0,0.0,0.0,0.0,0.0
78971970.0,1.0,1.0,1.0,1.0,1.0
79034110.0,1.0,1.0,1.0,1.0,1.0
79163185.0,1.0,1.0,1.0,1.0,1.0
79409764.0,1.0,1.0,1.0,1.0,1.0
79505439.0,1.0,1.0,1.0,1.0,1.0
80684416.0,0.0,1.0,0.0,1.0,1.0
80737715.0,0.0,0.0,0.0,0.0,0.0
82395101.0,1.0,1.0,1.0,1.0,1.0
82425145.0,1.0,1.0,1.0,1.0,1.0
82507717.0,0.0,0.0,0.0,0.0,0.0
82538379.0,1.0,1.0,1.0,1.0,1.0
83130720.0,0.0,0.0,0.0,1.0,1.0
83233194.0,1.0,1.0,1.0,1.0,1.0
83551334.0,1.0,0.0,1.0,1.0,1.0
84124232.0,1.0,1.0,1.0,1.0,1.0
84348376.0,0.0,0.0,0.0,0.0,0.0
85346613.0,1.0,1.0,1.0,1.0,1.0
85533137.0,1.0,1.0,1.0,1.0,1.0
85588338.0,1.0,1.0,1.0,1.0,1.0
85710949.0,1.0,1.0,1.0,1.0,1.0
85826676.0,1.0,1.0,1.0,1.0,1.0
85841507.0,1.0,1.0,1.0,1.0,1.0
85847188.0,1.0,1.0,1.0,1.0,1.0
85941105.0,1.0,1.0,1.0,1.0,1.0
85945827.0,0.0,0.0,0.0,0.0,0.0
85974412.0,1.0,1.0,1.0,1.0,1.0
86463177.0,1.0,1.0,1.0,1.0,1.0
86587968.0,1.0,1.0,1.0,1.0,1.0
86607265.0,1.0,1.0,1.0,1.0,1.0
87813525.0,1.0,1.0,1.0,1.0,1.0
87922393.0,1.0,1.0,1.0,1.0,1.0
88149857.0,1.0,1.0,1.0,1.0,1.0
88410695.0,1.0,1.0,1.0,1.0,1.0
88432089.0,0.0,0.0,0.0,0.0,0.0
88826175.0,1.0,1.0,1.0,1.0,1.0
89081806.0,1.0,1.0,1.0,1.0,1.0
89299020.0,1.0,1.0,1.0,1.0,1.0
90477251.0,0.0,0.0,0.0,0.0,0.0
90931345.0,1.0,1.0,1.0,1.0,1.0
91788472.0,1.0,1.0,1.0,1.0,1.0
93413137.0,1.0,1.0,1.0,1.0,1.0
93670421.0,0.0,0.0,0.0,0.0,0.0
93781183.0,1.0,1.0,1.0,1.0,1.0
94538354.0,1.0,1.0,1.0,1.0,1.0
95265544.0,1.0,1.0,1.0,1.0,1.0
95693465.0,1.0,1.0,1.0,1.0,1.0
95745536.0,1.0,1.0,1.0,1.0,1.0
95746562.0,1.0,1.0,1.0,1.0,1.0
95753203.0,1.0,1.0,1.0,1.0,1.0
95760610.0,1.0,1.0,1.0,1.0,1.0
95765483.0,1.0,1.0,1.0,1.0,1.0
95981102.0,1.0,1.0,1.0,1.0,1.0
96275793.0,1.0,1.0,1.0,1.0,1.0
96660473.0,0.0,0.0,0.0,0.0,0.0
96844841.0,1.0,1.0,1.0,1.0,1.0
96875481.0,0.0,0.0,0.0,0.0,0.0
97142128.0,1.0,1.0,1.0,1.0,1.0
99421206.0,1.0,1.0,1.0,1.0,1.0
100016100.0,0.0,0.0,0.0,0.0,0.0
100378329.0,1.0,1.0,1.0,1.0,1.0
100410777.0,1.0,1.0,1.0,1.0,1.0
100566226.0,0.0,0.0,0.0,0.0,0.0
100694446.0,0.0,0.0,1.0,1.0,1.0
100704785.0,1.0,1.0,1.0,1.0,1.0
100889718.0,1.0,1.0,1.0,1.0,1.0
100981188.0,1.0,1.0,1.0,1.0,1.0
101365908.0,0.0,0.0,0.0,0.0,0.0
101675346.0,1.0,1.0,1.0,1.0,1.0
102655797.0,0.0,0.0,0.0,0.0,0.0
102717776.0,1.0,1.0,1.0,1.0,1.0
102856329.0,1.0,1.0,1.0,1.0,1.0
103516894.0,1.0,1.0,1.0,1.0,1.0
104342160.0,1.0,1.0,1.0,1.0,1.0
104438937.0,0.0,0.0,0.0,0.0,1.0
104866423.0,1.0,0.0,0.0,0.0,1.0
104972167.0,1.0,1.0,1.0,1.0,1.0
105277911.0,1.0,1.0,1.0,1.0,1.0
105534072.0,1.0,1.0,1.0,1.0,1.0
106320690.0,1.0,1.0,1.0,1.0,1.0
106444057.0,1.0,1.0,1.0,1.0,1.0
106582798.0,1.0,1.0,1.0,1.0,1.0
108007246.0,0.0,0.0,0.0,0.0,1.0
108565603.0,1.0,1.0,1.0,1.0,1.0
110238236.0,0.0,0.0,0.0,0.0,0.0
110765078.0,1.0,1.0,1.0,1.0,1.0
111119364.0,1.0,1.0,1.0,1.0,1.0
111231947.0,1.0,1.0,1.0,1.0,1.0
111265460.0,1.0,1.0,1.0,1.0,1.0
112404560.0,0.0,0.0,0.0,0.0,0.0
112467163.0,1.0,1.0,1.0,1.0,1.0
113330733.0,1.0,1.0,1.0,1.0,1.0
114105398.0,1.0,1.0,1.0,1.0,1.0
122002754.0,1.0,1.0,1.0,1.0,1.0
122046797.0,1.0,1.0,1.0,1.0,1.0
122552352.0,1.0,1.0,1.0,1.0,1.0
123872892.0,1.0,1.0,1.0,1.0,1.0
126117683.0,1.0,1.0,1.0,1.0,1.0
128586078.0,1.0,1.0,1.0,1.0,1.0
130283246.0,1.0,1.0,1.0,1.0,1.0
130350916.0,1.0,1.0,1.0,1.0,1.0
130725465.0,1.0,1.0,1.0,1.0,1.0
130915605.0,0.0,0.0,0.0,0.0,0.0
130916785.0,1.0,1.0,1.0,1.0,1.0
131023371.0,1.0,1.0,1.0,1.0,1.0
131406208.0,1.0,1.0,1.0,1.0,1.0
132650057.0,1.0,1.0,1.0,1.0,1.0
133099688.0,1.0,1.0,1.0,1.0,1.0
135110311.0,1.0,1.0,1.0,1.0,1.0
135984395.0,1.0,1.0,1.0,1.0,1.0
136128767.0,0.0,0.0,0.0,0.0,0.0
137458434.0,1.0,1.0,1.0,1.0,1.0
138977661.0,1.0,1.0,1.0,1.0,1.0
140010140.0,0.0,0.0,0.0,0.0,0.0
140277439.0,1.0,1.0,1.0,1.0,1.0
143821195.0,1.0,1.0,1.0,1.0,1.0
144948209.0,1.0,1.0,1.0,1.0,1.0
146560242.0,1.0,1.0,1.0,0.0,1.0
147017172.0,1.0,1.0,1.0,1.0,1.0
147561446.0,1.0,1.0,1.0,1.0,1.0
148045059.0,1.0,1.0,1.0,1.0,1.0
148952848.0,0.0,0.0,0.0,0.0,0.0
149775438.0,0.0,0.0,0.0,0.0,0.0
150254493.0,1.0,1.0,1.0,1.0,1.0
152374293.0,1.0,1.0,1.0,1.0,1.0
153381087.0,1.0,1.0,1.0,1.0,1.0
154114928.0,0.0,0.0,0.0,0.0,0.0
155851755.0,0.0,0.0,0.0,0.0,1.0
155880461.0,1.0,1.0,1.0,1.0,1.0
155980244.0,1.0,1.0,1.0,1.0,1.0
156020293.0,1.0,1.0,1.0,1.0,1.0
157842240.0,0.0,0.0,0.0,0.0,0.0
158696653.0,1.0,1.0,1.0,1.0,1.0
159390766.0,1.0,1.0,1.0,1.0,1.0
159645014.0,0.0,0.0,0.0,0.0,0.0
160867853.0,1.0,1.0,1.0,1.0,1.0
162499734.0,0.0,0.0,0.0,0.0,0.0
162527202.0,0.0,0.0,1.0,0.0,1.0
162771197.0,1.0,1.0,1.0,1.0,1.0
163719215.0,1.0,1.0,1.0,1.0,1.0
164128139.0,1.0,1.0,1.0,1.0,1.0
164510667.0,1.0,1.0,1.0,1.0,1.0
167324724.0,1.0,1.0,1.0,1.0,1.0
167508379.0,0.0,0.0,0.0,0.0,1.0
167658685.0,0.0,0.0,0.0,0.0,1.0
168198736.0,1.0,1.0,1.0,1.0,1.0
169152422.0,1.0,1.0,1.0,1.0,1.0
169537277.0,1.0,1.0,1.0,1.0,1.0
171407670.0,1.0,1.0,1.0,1.0,1.0
171960783.0,1.0,1.0,1.0,1.0,1.0
172190344.0,1.0,1.0,1.0,1.0,1.0
172254755.0,0.0,1.0,1.0,0.0,1.0
172344668.0,0.0,0.0,0.0,0.0,0.0
172496543.0,1.0,1.0,1.0,1.0,1.0
172579834.0,1.0,1.0,1.0,1.0,1.0
173302220.0,0.0,1.0,0.0,1.0,1.0
173343129.0,1.0,1.0,1.0,1.0,1.0
174812681.0,0.0,0.0,0.0,0.0,0.0
175293962.0,1.0,1.0,1.0,1.0,1.0
175343754.0,1.0,1.0,1.0,1.0,1.0
176017141.0,0.0,1.0,1.0,1.0,1.0
176109421.0,1.0,1.0,1.0,1.0,1.0
177320221.0,1.0,1.0,1.0,1.0,1.0
177607438.0,1.0,1.0,1.0,1.0,1.0
178147847.0,1.0,1.0,1.0,1.0,1.0
178219872.0,1.0,1.0,1.0,1.0,1.0
178317520.0,1.0,1.0,1.0,1.0,1.0
178485549.0,0.0,0.0,0.0,0.0,1.0
178719724.0,1.0,1.0,1.0,1.0,1.0
179387013.0,1.0,1.0,1.0,1.0,1.0
179530408.0,1.0,1.0,1.0,1.0,1.0
179749752.0,1.0,1.0,1.0,1.0,1.0
179849648.0,0.0,0.0,0.0,0.0,0.0
180301124.0,0.0,0.0,0.0,0.0,0.0
180477197.0,1.0,1.0,1.0,1.0,1.0
180815470.0,1.0,1.0,1.0,1.0,1.0
181404215.0,1.0,1.0,1.0,1.0,1.0
181415213.0,1.0,1.0,1.0,1.0,1.0
181507387.0,1.0,1.0,1.0,1.0,1.0
184981157.0,1.0,1.0,1.0,1.0,1.0
186401942.0,1.0,1.0,1.0,1.0,1.0
188754198.0,1.0,1.0,1.0,1.0,1.0
190955264.0,0.0,0.0,0.0,0.0,1.0
192285670.0,1.0,1.0,1.0,1.0,1.0
194129863.0,1.0,1.0,1.0,1.0,1.0
195372928.0,1.0,1.0,1.0,1.0,1.0
196226115.0,1.0,1.0,1.0,1.0,1.0
196558508.0,1.0,1.0,1.0,1.0,1.0
196736719.0,0.0,0.0,0.0,0.0,0.0
198170439.0,1.0,1.0,1.0,1.0,1.0
200378115.0,1.0,1.0,1.0,1.0,1.0
200689010.0,1.0,1.0,1.0,1.0,1.0
201064553.0,1.0,1.0,1.0,1.0,1.0
201414773.0,1.0,1.0,1.0,1.0,1.0
202556944.0,1.0,1.0,1.0,1.0,1.0
203111524.0,1.0,1.0,1.0,1.0,1.0
207353188.0,1.0,1.0,1.0,1.0,1.0
208561304.0,0.0,0.0,0.0,0.0,0.0
209728048.0,0.0,0.0,0.0,0.0,0.0
209934191.0,1.0,1.0,1.0,1.0,1.0
210193540.0,1.0,1.0,1.0,1.0,1.0
211740171.0,1.0,1.0,1.0,1.0,1.0
212935844.0,1.0,1.0,1.0,1.0,1.0
213195775.0,1.0,1.0,1.0,1.0,1.0
213935734.0,0.0,0.0,0.0,0.0,0.0
214241793.0,1.0,1.0,1.0,1.0,1.0
214557773.0,1.0,1.0,1.0,1.0,1.0
214580740.0,1.0,1.0,1.0,1.0,1.0
214632600.0,0.0,0.0,0.0,1.0,1.0
216674751.0,1.0,1.0,1.0,1.0,1.0
219231550.0,1.0,1.0,1.0,1.0,1.0
219989542.0,1.0,1.0,1.0,1.0,1.0
220904562.0,1.0,1.0,1.0,1.0,1.0
221759829.0,1.0,1.0,1.0,1.0,1.0
223142174.0,1.0,1.0,1.0,1.0,1.0
223248062.0,1.0,1.0,1.0,1.0,1.0
223690934.0,0.0,1.0,1.0,1.0,1.0
224791017.0,0.0,0.0,0.0,0.0,0.0
225542498.0,1.0,1.0,1.0,1.0,1.0
225945728.0,1.0,1.0,1.0,1.0,1.0
229749489.0,1.0,1.0,1.0,1.0,1.0
229845767.0,1.0,1.0,1.0,1.0,1.0
230411975.0,1.0,1.0,1.0,1.0,1.0
234041950.0,1.0,1.0,1.0,1.0,1.0
234063482.0,1.0,1.0,1.0,1.0,1.0
237601257.0,1.0,1.0,1.0,1.0,1.0
240400318.0,1.0,1.0,1.0,1.0,1.0
240578495.0,1.0,1.0,1.0,1.0,1.0
243245760.0,1.0,1.0,1.0,1.0,1.0
243248861.0,1.0,1.0,1.0,1.0,1.0
244422101.0,0.0,0.0,0.0,0.0,0.0
245684907.0,1.0,1.0,1.0,1.0,1.0
248824644.0,0.0,0.0,0.0,0.0,0.0
249560327.0,0.0,0.0,0.0,0.0,0.0
252101174.0,1.0,1.0,1.0,1.0,1.0
254236618.0,1.0,1.0,1.0,1.0,1.0
255799255.0,1.0,1.0,1.0,1.0,1.0
256148033.0,0.0,0.0,0.0,0.0,1.0
256245022.0,1.0,1.0,1.0,1.0,1.0
257385233.0,1.0,1.0,1.0,1.0,1.0
258943005.0,1.0,1.0,1.0,1.0,1.0
259016278.0,1.0,1.0,1.0,1.0,1.0
259204882.0,1.0,1.0,1.0,1.0,1.0
259318967.0,1.0,1.0,1.0,1.0,1.0
259483474.0,1.0,1.0,1.0,1.0,1.0
259630314.0,1.0,1.0,1.0,1.0,1.0
261052656.0,1.0,1.0,1.0,1.0,1.0
262076172.0,1.0,1.0,1.0,1.0,1.0
262195503.0,1.0,1.0,1.0,1.0,1.0
263865603.0,1.0,1.0,1.0,1.0,1.0
266978954.0,1.0,1.0,1.0,1.0,1.0
269057941.0,1.0,1.0,1.0,1.0,1.0
271882374.0,1.0,1.0,1.0,1.0,1.0
272176260.0,0.0,0.0,0.0,0.0,0.0
272664650.0,1.0,1.0,1.0,1.0,1.0
272675903.0,1.0,1.0,1.0,1.0,1.0
272942646.0,1.0,1.0,1.0,1.0,1.0
273031545.0,1.0,1.0,1.0,1.0,1.0
273682643.0,1.0,1.0,1.0,1.0,1.0
275728670.0,1.0,1.0,1.0,1.0,1.0
276214359.0,1.0,1.0,1.0,1.0,1.0
276232644.0,1.0,1.0,1.0,1.0,1.0
276924136.0,1.0,1.0,1.0,1.0,1.0
277039583.0,1.0,1.0,1.0,1.0,1.0
277381050.0,1.0,1.0,1.0,1.0,1.0
277728990.0,1.0,1.0,1.0,1.0,1.0
278429094.0,1.0,1.0,1.0,1.0,1.0
279723116.0,1.0,1.0,1.0,1.0,1.0
280529016.0,1.0,1.0,1.0,1.0,1.0
281636363.0,1.0,1.0,1.0,1.0,1.0
283232826.0,1.0,1.0,1.0,1.0,1.0
283767522.0,0.0,0.0,0.0,0.0,0.0
284140209.0,1.0,1.0,1.0,1.0,1.0
284605931.0,1.0,1.0,1.0,1.0,1.0
284855656.0,1.0,1.0,1.0,1.0,1.0
284863519.0,1.0,1.0,1.0,1.0,1.0
284883793.0,1.0,1.0,1.0,1.0,1.0
284937275.0,1.0,1.0,1.0,1.0,1.0
285917294.0,1.0,1.0,1.0,1.0,1.0
286180923.0,1.0,1.0,1.0,1.0,1.0
286396677.0,0.0,0.0,0.0,0.0,0.0
286462042.0,1.0,1.0,1.0,1.0,1.0
286529476.0,1.0,1.0,1.0,1.0,1.0
287815211.0,1.0,1.0,1.0,1.0,1.0
288573269.0,1.0,1.0,1.0,1.0,1.0
288576001.0,1.0,1.0,1.0,1.0,1.0
288632542.0,1.0,1.0,1.0,1.0,1.0
288716612.0,1.0,1.0,1.0,1.0,1.0
289048667.0,1.0,1.0,1.0,1.0,1.0
289225411.0,1.0,1.0,1.0,1.0,1.0
289437658.0,1.0,1.0,1.0,1.0,1.0
289839097.0,1.0,1.0,1.0,1.0,1.0
290344046.0,1.0,1.0,1.0,1.0,1.0
290562214.0,1.0,1.0,1.0,1.0,1.0
290869463.0,1.0,1.0,1.0,1.0,1.0
291088079.0,1.0,1.0,1.0,1.0,1.0
293102085.0,0.0,0.0,0.0,0.0,0.0
293589790.0,1.0,1.0,1.0,1.0,1.0
293685326.0,1.0,1.0,1.0,1.0,1.0
295924399.0,1.0,1.0,1.0,1.0,1.0
296377264.0,1.0,1.0,1.0,1.0,1.0
297733869.0,1.0,1.0,1.0,1.0,1.0
299123691.0,1.0,1.0,1.0,1.0,1.0
299231094.0,1.0,1.0,1.0,1.0,1.0
299438775.0,0.0,0.0,0.0,0.0,0.0
299511568.0,1.0,1.0,1.0,1.0,1.0
300875687.0,1.0,0.0,1.0,1.0,1.0
301458552.0,0.0,0.0,0.0,0.0,0.0
302233166.0,1.0,1.0,1.0,1.0,1.0
302263521.0,1.0,1.0,1.0,1.0,1.0
302295161.0,0.0,0.0,0.0,0.0,0.0
302427776.0,0.0,0.0,0.0,0.0,1.0
303581036.0,1.0,1.0,1.0,1.0,1.0
305678751.0,1.0,1.0,1.0,1.0,1.0
305825737.0,1.0,1.0,1.0,1.0,1.0
306190898.0,1.0,1.0,1.0,1.0,1.0
307449509.0,1.0,1.0,1.0,1.0,1.0
313470280.0,1.0,1.0,1.0,1.0,1.0
314845025.0,1.0,1.0,1.0,1.0,1.0
316179823.0,1.0,1.0,1.0,1.0,1.0
316934965.0,1.0,1.0,1.0,1.0,1.0
318854859.0,1.0,1.0,1.0,1.0,1.0
319226240.0,1.0,1.0,1.0,1.0,1.0
319317232.0,0.0,0.0,0.0,0.0,1.0
321115683.0,1.0,1.0,1.0,1.0,1.0
321192385.0,1.0,1.0,1.0,1.0,1.0
321800301.0,0.0,0.0,0.0,0.0,0.0
322044509.0,1.0,1.0,1.0,1.0,1.0
324984854.0,1.0,1.0,1.0,1.0,1.0
325861767.0,0.0,1.0,1.0,0.0,1.0
326262883.0,1.0,1.0,1.0,1.0,1.0
326918205.0,1.0,1.0,1.0,1.0,1.0
327020586.0,1.0,1.0,1.0,1.0,1.0
327114125.0,1.0,1.0,1.0,1.0,1.0
327494511.0,1.0,1.0,1.0,1.0,1.0
328570460.0,1.0,1.0,0.0,0.0,1.0
328907438.0,0.0,0.0,0.0,0.0,0.0
328930771.0,1.0,1.0,1.0,1.0,1.0
330239011.0,1.0,1.0,1.0,1.0,1.0
333081332.0,0.0,0.0,0.0,0.0,1.0
334416938.0,1.0,1.0,1.0,1.0,1.0
334508432.0,1.0,1.0,1.0,1.0,1.0
334949065.0,0.0,0.0,0.0,0.0,0.0
335596075.0,1.0,1.0,1.0,1.0,1.0
335977174.0,0.0,0.0,0.0,0.0,0.0
336651711.0,0.0,0.0,0.0,0.0,0.0
336789865.0,1.0,1.0,1.0,1.0,1.0
337131867.0,0.0,0.0,0.0,0.0,0.0
337428595.0,1.0,1.0,1.0,1.0,1.0
338278075.0,0.0,0.0,0.0,0.0,0.0
341397791.0,1.0,1.0,1.0,1.0,1.0
341670365.0,1.0,1.0,1.0,1.0,1.0
342327675.0,1.0,1.0,1.0,1.0,1.0
342967827.0,0.0,0.0,0.0,0.0,0.0
344439979.0,0.0,0.0,0.0,0.0,1.0
344605292.0,1.0,1.0,1.0,1.0,1.0
344688176.0,1.0,1.0,1.0,1.0,1.0
345645173.0,1.0,1.0,1.0,1.0,1.0
349779192.0,1.0,1.0,1.0,1.0,1.0
351332352.0,1.0,1.0,1.0,1.0,1.0
351849321.0,1.0,1.0,1.0,1.0,1.0
352060223.0,1.0,1.0,1.0,1.0,1.0
352179217.0,1.0,1.0,1.0,1.0,1.0
352292783.0,1.0,1.0,1.0,1.0,1.0
352325501.0,0.0,0.0,0.0,0.0,0.0
352866830.0,1.0,1.0,1.0,1.0,1.0
352885343.0,1.0,1.0,1.0,1.0,1.0
353281825.0,0.0,0.0,0.0,0.0,1.0
353780332.0,0.0,0.0,0.0,0.0,1.0
353920748.0,0.0,0.0,0.0,0.0,0.0
354085182.0,1.0,1.0,0.0,1.0,1.0
356125991.0,1.0,1.0,1.0,1.0,1.0
356127645.0,1.0,1.0,1.0,1.0,1.0
356153263.0,1.0,0.0,0.0,0.0,1.0
357176415.0,1.0,1.0,1.0,1.0,1.0
357177554.0,1.0,1.0,1.0,1.0,1.0
358009824.0,1.0,1.0,1.0,1.0,1.0
359202938.0,1.0,1.0,1.0,1.0,1.0
359734719.0,1.0,1.0,1.0,1.0,1.0
362408629.0,0.0,0.0,0.0,0.0,0.0
362445935.0,0.0,0.0,0.0,0.0,0.0
364296929.0,1.0,1.0,1.0,1.0,1.0
372303666.0,1.0,1.0,1.0,1.0,1.0
372367238.0,1.0,1.0,1.0,1.0,1.0
378504844.0,0.0,0.0,0.0,0.0,0.0
378962165.0,1.0,1.0,1.0,1.0,1.0
381994907.0,0.0,0.0,0.0,0.0,0.0
382026104.0,0.0,0.0,0.0,0.0,0.0
382138326.0,0.0,0.0,0.0,0.0,0.0
382149429.0,1.0,1.0,1.0,1.0,1.0
382177255.0,0.0,0.0,0.0,0.0,0.0
382574258.0,1.0,1.0,1.0,1.0,1.0
383022395.0,1.0,1.0,1.0,1.0,1.0
383227088.0,1.0,1.0,1.0,1.0,1.0
384571326.0,1.0,1.0,1.0,1.0,1.0
384654720.0,1.0,1.0,1.0,1.0,1.0
385634465.0,0.0,0.0,0.0,0.0,1.0
385670045.0,1.0,1.0,1.0,1.0,1.0
386646595.0,0.0,0.0,0.0,0.0,1.0
388576902.0,0.0,0.0,0.0,0.0,0.0
389338366.0,0.0,0.0,0.0,0.0,0.0
389651019.0,0.0,0.0,0.0,0.0,0.0
390613354.0,1.0,1.0,1.0,1.0,1.0
390974405.0,1.0,1.0,1.0,1.0,1.0
391562147.0,1.0,1.0,1.0,1.0,1.0
391926121.0,1.0,1.0,1.0,1.0,1.0
393661800.0,1.0,1.0,1.0,1.0,1.0
393834302.0,1.0,1.0,1.0,1.0,1.0
394105948.0,1.0,1.0,1.0,1.0,1.0
395367810.0,0.0,0.0,0.0,0.0,1.0
396012871.0,1.0,1.0,1.0,1.0,1.0
396261615.0,1.0,1.0,1.0,1.0,1.0
398701368.0,0.0,0.0,0.0,0.0,0.0
399904548.0,1.0,1.0,1.0,1.0,1.0
401983324.0,1.0,1.0,1.0,1.0,1.0
403363354.0,1.0,1.0,1.0,1.0,1.0
404199727.0,1.0,1.0,1.0,1.0,1.0
404877042.0,1.0,1.0,1.0,1.0,1.0
406262657.0,1.0,1.0,1.0,1.0,1.0
408663470.0,1.0,1.0,1.0,1.0,1.0
408817718.0,1.0,1.0,1.0,1.0,1.0
409638704.0,1.0,1.0,1.0,1.0,1.0
418295166.0,1.0,1.0,1.0,1.0,1.0
419231615.0,1.0,1.0,1.0,1.0,1.0
420954486.0,1.0,1.0,1.0,1.0,1.0
421675872.0,1.0,1.0,1.0,1.0,1.0
431890725.0,1.0,1.0,1.0,1.0,1.0
433121051.0,1.0,1.0,1.0,1.0,1.0
434011339.0,1.0,1.0,1.0,1.0,1.0
434024629.0,1.0,1.0,1.0,1.0,1.0
434214773.0,1.0,1.0,1.0,1.0,1.0
434311348.0,1.0,1.0,1.0,1.0,1.0
434417527.0,1.0,1.0,1.0,1.0,1.0
434518151.0,1.0,1.0,1.0,1.0,1.0
434529025.0,0.0,0.0,0.0,0.0,0.0
434561584.0,1.0,1.0,1.0,1.0,1.0
435406058.0,1.0,1.0,1.0,1.0,1.0
435526822.0,1.0,1.0,1.0,1.0,1.0
436518318.0,1.0,1.0,1.0,1.0,1.0
437703397.0,1.0,1.0,1.0,1.0,1.0
437973532.0,1.0,1.0,1.0,1.0,1.0
438148125.0,0.0,0.0,0.0,0.0,0.0
438531729.0,1.0,1.0,1.0,1.0,1.0
438672221.0,0.0,0.0,0.0,0.0,0.0
439971169.0,1.0,1.0,1.0,1.0,1.0
440385576.0,1.0,1.0,1.0,1.0,1.0
440433021.0,0.0,0.0,0.0,0.0,0.0
442015471.0,1.0,1.0,1.0,1.0,1.0
442217398.0,1.0,1.0,1.0,1.0,1.0
443722029.0,1.0,1.0,1.0,1.0,1.0
443848562.0,1.0,1.0,1.0,1.0,1.0
444819175.0,1.0,1.0,1.0,1.0,1.0
446953348.0,1.0,1.0,1.0,1.0,1.0
447434047.0,0.0,0.0,0.0,0.0,0.0
447460636.0,1.0,1.0,1.0,1.0,1.0
448321147.0,1.0,1.0,1.0,1.0,1.0
453257517.0,1.0,1.0,1.0,1.0,1.0
454397731.0,1.0,1.0,1.0,1.0,1.0
455209838.0,1.0,1.0,1.0,1.0,1.0
470896631.0,1.0,1.0,1.0,1.0,1.0
472078692.0,1.0,1.0,1.0,1.0,1.0
472178836.0,0.0,0.0,0.0,0.0,0.0
472451456.0,1.0,1.0,1.0,1.0,1.0
472489307.0,1.0,1.0,1.0,1.0,1.0
472918553.0,1.0,1.0,1.0,1.0,1.0
474135478.0,1.0,1.0,1.0,1.0,1.0
476421832.0,1.0,1.0,1.0,1.0,1.0
476744236.0,1.0,0.0,0.0,1.0,1.0
478516751.0,1.0,1.0,1.0,1.0,1.0
479248204.0,1.0,1.0,1.0,1.0,1.0
480203941.0,1.0,1.0,1.0,1.0,1.0
482218159.0,1.0,1.0,1.0,1.0,1.0
483110710.0,1.0,1.0,1.0,1.0,1.0
486525114.0,1.0,1.0,1.0,1.0,1.0
487625575.0,0.0,0.0,0.0,0.0,0.0
488100073.0,1.0,1.0,1.0,1.0,1.0
488290900.0,1.0,1.0,1.0,1.0,1.0
490218804.0,1.0,1.0,1.0,1.0,1.0
491477343.0,1.0,1.0,1.0,1.0,1.0
492936641.0,1.0,1.0,1.0,1.0,1.0
493325484.0,1.0,1.0,1.0,1.0,1.0
494087600.0,1.0,1.0,1.0,1.0,1.0
496288790.0,0.0,0.0,0.0,0.0,0.0
497142344.0,1.0,1.0,1.0,1.0,1.0
497689009.0,0.0,0.0,0.0,0.0,1.0
498823000.0,1.0,1.0,1.0,1.0,1.0
499082839.0,1.0,1.0,1.0,1.0,1.0
501434549.0,1.0,1.0,1.0,1.0,1.0
501634221.0,1.0,1.0,1.0,1.0,1.0
503039946.0,1.0,1.0,1.0,1.0,1.0
503429511.0,1.0,1.0,1.0,1.0,1.0
503489977.0,1.0,1.0,1.0,1.0,1.0
503738540.0,0.0,0.0,0.0,0.0,1.0
506795601.0,0.0,0.0,0.0,0.0,1.0
507159480.0,0.0,0.0,0.0,0.0,0.0
510080960.0,1.0,1.0,1.0,1.0,1.0
510762119.0,1.0,1.0,1.0,1.0,1.0
516462673.0,1.0,1.0,1.0,1.0,1.0
520154186.0,1.0,1.0,1.0,1.0,1.0
521423963.0,1.0,1.0,1.0,1.0,1.0
525188301.0,0.0,0.0,0.0,0.0,1.0
526934980.0,1.0,1.0,1.0,1.0,1.0
544121953.0,0.0,0.0,0.0,0.0,0.0
544681466.0,1.0,0.0,0.0,1.0,1.0
545123891.0,1.0,1.0,1.0,1.0,1.0
545843065.0,1.0,1.0,1.0,1.0,1.0
547132758.0,1.0,1.0,1.0,1.0,1.0
588861291.0,1.0,1.0,1.0,1.0,1.0
589182681.0,1.0,1.0,1.0,1.0,1.0
590194639.0,1.0,1.0,1.0,1.0,1.0
602219149.0,1.0,1.0,1.0,1.0,1.0
618534631.0,1.0,1.0,1.0,1.0,1.0
626875906.0,0.0,0.0,0.0,0.0,0.0
628662030.0,1.0,1.0,1.0,1.0,1.0
628839117.0,1.0,1.0,1.0,1.0,1.0
629041948.0,1.0,1.0,1.0,1.0,1.0
630864243.0,1.0,1.0,1.0,1.0,1.0
634959233.0,1.0,1.0,1.0,1.0,1.0
642190484.0,1.0,1.0,1.0,1.0,1.0
660964445.0,1.0,1.0,1.0,1.0,1.0
690072998.0,1.0,1.0,1.0,1.0,1.0
690420057.0,1.0,1.0,1.0,1.0,1.0
690891850.0,1.0,1.0,1.0,1.0,1.0
692803200.0,1.0,1.0,1.0,1.0,1.0
695723629.0,1.0,1.0,1.0,1.0,1.0
696478638.0,0.0,0.0,0.0,0.0,0.0
696699115.0,0.0,0.0,0.0,0.0,0.0
697086698.0,1.0,1.0,1.0,1.0,1.0
697374866.0,1.0,1.0,1.0,1.0,1.0
1020383879.0,1.0,1.0,1.0,1.0,1.0
1048236111.0,1.0,1.0,1.0,1.0,1.0
1090270271.0,1.0,1.0,1.0,1.0,1.0
1103714141.0,1.0,1.0,1.0,1.0,1.0
1111392619.0,1.0,1.0,1.0,1.0,1.0
1150559551.0,1.0,1.0,1.0,1.0,1.0
1151760430.0,1.0,1.0,1.0,1.0,1.0
1154588690.0,0.0,0.0,0.0,0.0,0.0
1179359017.0,1.0,1.0,1.0,1.0,1.0
1188320019.0,0.0,0.0,0.0,0.0,1.0
1210991664.0,1.0,1.0,1.0,1.0,1.0
1225050091.0,1.0,1.0,1.0,1.0,1.0
1251202937.0,1.0,1.0,1.0,1.0,1.0
1257876288.0,1.0,1.0,1.0,1.0,1.0
1287769934.0,1.0,1.0,1.0,1.0,1.0
1288185922.0,1.0,1.0,1.0,1.0,1.0
1322607854.0,1.0,1.0,1.0,1.0,1.0
1323114080.0,0.0,0.0,0.0,0.0,0.0
1336919898.0,1.0,1.0,1.0,1.0,1.0
1345725911.0,1.0,1.0,1.0,1.0,1.0
1368945974.0,0.0,0.0,0.0,0.0,0.0
1422971279.0,1.0,1.0,1.0,1.0,1.0
1464560578.0,1.0,1.0,1.0,1.0,1.0
1516479156.0,0.0,0.0,0.0,1.0,1.0
1569403159.0,1.0,1.0,1.0,1.0,1.0
1585081477.0,1.0,1.0,1.0,1.0,1.0
1599856747.0,1.0,1.0,1.0,1.0,1.0
1637938810.0,1.0,1.0,1.0,1.0,1.0
1642906780.0,1.0,1.0,1.0,1.0,1.0
1651296322.0,1.0,1.0,1.0,1.0,1.0
1691191127.0,1.0,1.0,1.0,1.0,1.0
1754111276.0,1.0,1.0,1.0,1.0,1.0
1756983932.0,0.0,0.0,0.0,0.0,1.0
1771069311.0,1.0,1.0,1.0,1.0,1.0
1800769312.0,0.0,0.0,0.0,0.0,1.0
1850645679.0,1.0,1.0,1.0,1.0,1.0
1870610334.0,1.0,1.0,1.0,1.0,1.0
1880181769.0,1.0,1.0,1.0,1.0,1.0
1982526263.0,1.0,1.0,1.0,1.0,1.0
1982721684.0,1.0,1.0,1.0,1.0,1.0
1985561718.0,1.0,1.0,1.0,1.0,1.0
2025710044.0,1.0,1.0,1.0,1.0,1.0
2039683727.0,0.0,0.0,0.0,0.0,0.0
2044100770.0,0.0,0.0,1.0,0.0,1.0
2076753678.0,0.0,0.0,0.0,0.0,1.0
2101096513.0,1.0,1.0,1.0,1.0,1.0
